Workbook

Sheet Main Table
A1: 1 | B1: 2 | C1: 3 | D1: 4 | E1: 5 | F1: 6 | G1: 7 | H1: 8 | I1: 9 | J1: 10 | K1: 11 | L1: 12 | M1: 13 | N1: 14 | O1: 15 | P1: 16 | Q1: 17 | R1: 18
A2: H | R2: He
A3: Li | B3: Be | M3: B | N3: C | O3: N | P3: O | Q3: P | R3: Ne
A4: Na | B4: Mg | M4: Al | N4: Si | O4: P | P4: P | Q4: Cl | R4: Ar
A5: K | B5: Ca | C5: Sc | D5: Ti | E5: V | F5: Cr | G5: Mn | H5: Fe | I5: Co | J5: Ni | K5: Cu | L5: Zn | M5: Ga | N5: Ge | O5: As | P5: As | Q5: Br | R5: Kr
A6: Rb | B6: Sr | C6: Y | D6: Zr | E6: Nb | F6: Mo | G6: Tc | H6: Ru | I6: Rh | J6: Pd | K6: Ag | L6: Cd | M6: In | N6: Sn | O6: Sb | P6: Sb | Q6: I | R6: Xe
A7: Cs | B7: Ba | D7: Hf | E7: Ta | F7: W | G7: Re | H7: Os | I7: Ir | J7: Pt | K7: Au | L7: Hg | M7: Ti | N7: Pb | O7: Bi | P7: Bi | Q7: At | R7: Rn
A8: Fr | B8: Ra | D8: Rf | E8: Db | F8: Sg | G8: Bh | H8: Hs | I8: Mt | J8: Ds | K8: Rg | L8: Cn | M8: Nh | N8: Fl | O8: Mc | P8: Lv | Q8: Ts | R8: Og
C9: La | D9: Ce | E9: Pr | F9: Nd | G9: Pm | H9: Sm | I9: Eu | J9: Gd | K9: Tb | L9: Dy | M9: Ho | N9: Er | O9: Tm | P9: Yb | Q9: Lu
C10: Ac | D10: Th | E10: Pa | F10: U | G10: Np | H10: Pu | I10: Am | J10: Cm | K10: Bk | L10: Cf | M10: Es | N10: Fm | O10: Md | P10: No | Q10: Lr

Sheet Elements
A1: 1 | B1: Hydrogen | C1: H | D1: Nonmetal | E1: 1 | F1: 0 | G1: =(A1 * 1.007276) + (F1 * 1.008665) + (L1 * 0.00054858) -> 1.0078246 | H1: =(G1-(A1*'Atomic Particles'!C1))/'Atomic Particles'!C2+A1 -> 1.0005427 | I1: =0.529177210544 * (M1^2 / (A1 - AG1)) -> 0.52917721 | J1: =(('Atomic Particles'!C1)*A1)+(('Atomic Particles'!C2)*Elements!F1) -> 1.0072772 | K1: =(E1^(1/3))*Constants!B2 -> 1.25e-15 | L1: 1 | M1: 1 | AF1: 1 | AG1: =IF(A1=1, 0, IF(A1=2, 0.3, IF(A1<=10, 0.35*(N1+O1-1)+0.85*M1, IF(A1<=18, 0.35*(P1+Q1-1)+0.85*(N1+O1)+M1, IF(A1<=36, 0.35*(S1+T1-1)+0.85*(P1+Q1+R1)+(M1+N1+O1), IF(A1<=54, 0.35*(W1+X1-1)+0.85*(S1+T1+U1)+(M1+N1+O1+P1+Q1+R1), IF(A1<=86, 0.35*(AA1+AB1-1)+0.85*(W1+X1+Y1+Z1)+(M1+N1+O1+P1+Q1+R1+S1+T1+U1+V1), IF(A1<=118, 0.35*(AD1+AE1-1)+0.85*(AA1+AB1+AC1)+(M1+N1+O1+P1+Q1+R1+S1+T1+U1+V1+W1+X1+Y1+Z1), 0)))))))) -> 0 | AH1: =(G1 * 1.6605E-24) / (AI1 * 1E-24) -> 2.6960741 | AI1: =(4/3) * PI() * (I1^3) -> 0.62071467 | AJ1: =(A1*1.67262192369E-27 + F1*1.67492749804E-27 + L1*9.1093837015E-31) / 1.6605390666E-27 -> 1.007825 | AM1: =(A1) - (L1) -> 0 | AN1: =A1-AG1 -> 1 | AO1: =4 * PI() * 8.854187817E-12 * (I1 * 0.0000000001)^3 -> 1.6487773e-41 | AP1: =AO1 * 10^12 -> 1.6487773e-29 | AQ1: =(1 / (2 * 3.14159265358979)) * SQRT((A1 * (1.602176634E-19^2)) / ((AI1 * 1E-30) * 9.1093837015E-31 * 8.8541878128E-12)) -> 1.1396347e+16 | AR1: =I1 * 350 -> 185.21202 | AS1: =299792458000000000 / AQ1 -> 26.306014
A2: 2 | B2: Helium | C2: He | D2: Noble Gas | E2: 4 | F2: =E2-A2 -> 2 | G2: =(A2 * 1.007276) + (F2 * 1.008665) + (L2 * 0.00054858) -> 4.0329792 | H2: =(G2-(A2*'Atomic Particles'!C1))/'Atomic Particles'!C2+A2 -> 4.0010835 | I2: =0.529177210544 * (M2^2 / (A2 - AG2)) -> 1.2451228 | J2: =(('Atomic Particles'!C1)*A2)+(('Atomic Particles'!C2)*Elements!F2) -> 4.0318863 | K2: =(E2^(1/3))*Constants!B2 -> 1.9842513e-15 | L2: 2 | M2: 2 | AF2: 1 | AG2: =IF(A2=1, 0, IF(A2=2, 0.3, IF(A2<=10, 0.35*(N2+O2-1)+0.85*M2, IF(A2<=18, 0.35*(P2+Q2-1)+0.85*(N2+O2)+M2, IF(A2<=36, 0.35*(S2+T2-1)+0.85*(P2+Q2+R2)+(M2+N2+O2), IF(A2<=54, 0.35*(W2+X2-1)+0.85*(S2+T2+U2)+(M2+N2+O2+P2+Q2+R2), IF(A2<=86, 0.35*(AA2+AB2-1)+0.85*(W2+X2+Y2+Z2)+(M2+N2+O2+P2+Q2+R2+S2+T2+U2+V2), IF(A2<=118, 0.35*(AD2+AE2-1)+0.85*(AA2+AB2+AC2)+(M2+N2+O2+P2+Q2+R2+S2+T2+U2+V2+W2+X2+Y2+Z2), 0)))))))) -> 0.3 | AH2: =(G2 * 1.6605E-24) / (AI2 * 1E-24) -> 0.82820842 | AI2: =(4/3) * PI() * (I2^3) -> 8.0858414 | AJ2: =(A2*1.67262192369E-27 + F2*1.67492749804E-27 + L2*9.1093837015E-31) / 1.6605390666E-27 -> 4.0329799 | AM2: =A2 - L2 -> 0 | AN2: =A2-AG2 -> 1.7 | AO2: =4 * PI() * 8.854187817E-12 * (I2 * 0.0000000001)^3 -> 2.1478067e-40 | AP2: =AO2 * 10^12 -> 2.1478067e-28 | AQ2: =(1 / (2 * 3.14159265358979)) * SQRT((A2 * (1.602176634E-19^2)) / ((AI2 * 1E-30) * 9.1093837015E-31 * 8.8541878128E-12)) -> 4.4654379e+15 | AR2: =I2 * 350 -> 435.793 | AS2: =299792458000000000 / AQ2 -> 67.136184
A3: 3 | B3: Lithium | C3: Li | D3: Alkali Metal | E3: 7 | F3: =E3-A3 -> 4 | G3: =(A3 * 1.007276) + (F3 * 1.008665) + (L3 * 0.00054858) -> 7.0581337 | H3: =(G3-(A3*'Atomic Particles'!C1))/'Atomic Particles'!C2+A3 -> 7.0016243 | I3: =0.529177210544 * (M3^2 / (A3 - AG3)) -> 1.6282376 | J3: =(('Atomic Particles'!C1)*A3)+(('Atomic Particles'!C2)*Elements!F3) -> 7.0564953 | K3: =(E3^(1/3))*Constants!B2 -> 2.391164e-15 | L3: 3 | M3: 2 | N3: 1 | AF3: 2 | AG3: =IF(A3=1, 0, IF(A3=2, 0.3, IF(A3<=10, 0.35*(N3+O3-1)+0.85*M3, IF(A3<=18, 0.35*(P3+Q3-1)+0.85*(N3+O3)+M3, IF(A3<=36, 0.35*(S3+T3-1)+0.85*(P3+Q3+R3)+(M3+N3+O3), IF(A3<=54, 0.35*(W3+X3-1)+0.85*(S3+T3+U3)+(M3+N3+O3+P3+Q3+R3), IF(A3<=86, 0.35*(AA3+AB3-1)+0.85*(W3+X3+Y3+Z3)+(M3+N3+O3+P3+Q3+R3+S3+T3+U3+V3), IF(A3<=118, 0.35*(AD3+AE3-1)+0.85*(AA3+AB3+AC3)+(M3+N3+O3+P3+Q3+R3+S3+T3+U3+V3+W3+X3+Y3+Z3), 0)))))))) -> 1.7 | AH3: =(G3 * 1.6605E-24) / (AI3 * 1E-24) -> 0.64816688 | AI3: =(4/3) * PI() * (I3^3) -> 18.081811 | AJ3: =(A3*1.67262192369E-27 + F3*1.67492749804E-27 + L3*9.1093837015E-31) / 1.6605390666E-27 -> 7.0581348 | AM3: =A3 - L3 -> 0 | AN3: =A3-AG3 -> 1.3 | AO3: =4 * PI() * 8.854187817E-12 * (I3 * 0.0000000001)^3 -> 4.8029925e-40 | AP3: =AO3 * 10^12 -> 4.8029925e-28 | AQ3: =(1 / (2 * 3.14159265358979)) * SQRT((A3 * (1.602176634E-19^2)) / ((AI3 * 1E-30) * 9.1093837015E-31 * 8.8541878128E-12)) -> 3.657222e+15 | AR3: =I3 * 350 -> 569.88315 | AS3: =299792458000000000 / AQ3 -> 81.972726
A4: 4 | B4: beryllium | C4: Be | D4: Alkali Earth Metal | E4: 9 | F4: =E4-A4 -> 5 | G4: =(A4 * 1.007276) + (F4 * 1.008665) + (L4 * 0.00054858) -> 9.0746233 | H4: =(G4-(A4*'Atomic Particles'!C1))/'Atomic Particles'!C2+A4 -> 9.0021661 | I4: =0.529177210544 * (M4^2 / (A4 - AG4)) -> 1.0854917 | J4: =(('Atomic Particles'!C1)*A4)+(('Atomic Particles'!C2)*Elements!F4) -> 9.0724384 | K4: =(E4^(1/3))*Constants!B2 -> 2.6001048e-15 | L4: 4 | M4: 2 | N4: 2 | AF4: 2 | AG4: =IF(A4=1, 0, IF(A4=2, 0.3, IF(A4<=10, 0.35*(N4+O4-1)+0.85*M4, IF(A4<=18, 0.35*(P4+Q4-1)+0.85*(N4+O4)+M4, IF(A4<=36, 0.35*(S4+T4-1)+0.85*(P4+Q4+R4)+(M4+N4+O4), IF(A4<=54, 0.35*(W4+X4-1)+0.85*(S4+T4+U4)+(M4+N4+O4+P4+Q4+R4), IF(A4<=86, 0.35*(AA4+AB4-1)+0.85*(W4+X4+Y4+Z4)+(M4+N4+O4+P4+Q4+R4+S4+T4+U4+V4), IF(A4<=118, 0.35*(AD4+AE4-1)+0.85*(AA4+AB4+AC4)+(M4+N4+O4+P4+Q4+R4+S4+T4+U4+V4+W4+X4+Y4+Z4), 0)))))))) -> 2.05 | AH4: =(G4 * 1.6605E-24) / (AI4 * 1E-24) -> 2.8125441 | AI4: =(4/3) * PI() * (I4^3) -> 5.3575736 | AJ4: =(A4*1.67262192369E-27 + F4*1.67492749804E-27 + L4*9.1093837015E-31) / 1.6605390666E-27 -> 9.0746248 | AM4: =A4 - L4 -> 0 | AN4: =A4-AG4 -> 1.95 | AO4: =4 * PI() * 8.854187817E-12 * (I4 * 0.0000000001)^3 -> 1.4231089e-40 | AP4: =AO4 * 10^12 -> 1.4231089e-28 | AQ4: =(1 / (2 * 3.14159265358979)) * SQRT((A4 * (1.602176634E-19^2)) / ((AI4 * 1E-30) * 9.1093837015E-31 * 8.8541878128E-12)) -> 7.7581395e+15 | AR4: =I4 * 350 -> 379.9221 | AS4: =299792458000000000 / AQ4 -> 38.642313
A5: 5 | B5: Boron | C5: B | D5: Metalloid | E5: 10 | F5: =E5-A5 -> 5 | G5: =(A5 * 1.007276) + (F5 * 1.008665) + (L5 * 0.00054858) -> 10.082448 | H5: =(G5-(A5*'Atomic Particles'!C1))/'Atomic Particles'!C2+A5 -> 10.002709 | I5: =0.529177210544 * (M5^2 / (A5 - AG5)) -> 0.81411879 | J5: =(('Atomic Particles'!C1)*A5)+(('Atomic Particles'!C2)*Elements!F5) -> 10.079716 | K5: =(E5^(1/3))*Constants!B2 -> 2.6930434e-15 | L5: 5 | M5: 2 | N5: 2 | O5: 1 | AF5: 2 | AG5: =IF(A5=1, 0, IF(A5=2, 0.3, IF(A5<=10, 0.35*(N5+O5-1)+0.85*M5, IF(A5<=18, 0.35*(P5+Q5-1)+0.85*(N5+O5)+M5, IF(A5<=36, 0.35*(S5+T5-1)+0.85*(P5+Q5+R5)+(M5+N5+O5), IF(A5<=54, 0.35*(W5+X5-1)+0.85*(S5+T5+U5)+(M5+N5+O5+P5+Q5+R5), IF(A5<=86, 0.35*(AA5+AB5-1)+0.85*(W5+X5+Y5+Z5)+(M5+N5+O5+P5+Q5+R5+S5+T5+U5+V5), IF(A5<=118, 0.35*(AD5+AE5-1)+0.85*(AA5+AB5+AC5)+(M5+N5+O5+P5+Q5+R5+S5+T5+U5+V5+W5+X5+Y5+Z5), 0)))))))) -> 2.4 | AH5: =(G5 * 1.6605E-24) / (AI5 * 1E-24) -> 7.4071805 | AI5: =(4/3) * PI() * (I5^3) -> 2.2602264 | AJ5: =(A5*1.67262192369E-27 + F5*1.67492749804E-27 + L5*9.1093837015E-31) / 1.6605390666E-27 -> 10.08245 | AM5: =A5 - L5 -> 0 | AN5: =A5-AG5 -> 2.6 | AO5: =4 * PI() * 8.854187817E-12 * (I5 * 0.0000000001)^3 -> 6.0037406e-41 | AP5: =AO5 * 10^12 -> 6.0037406e-29 | AQ5: =(1 / (2 * 3.14159265358979)) * SQRT((A5 * (1.602176634E-19^2)) / ((AI5 * 1E-30) * 9.1093837015E-31 * 8.8541878128E-12)) -> 1.3354287e+16 | AR5: =I5 * 350 -> 284.94157 | AS5: =299792458000000000 / AQ5 -> 22.449155
A6: 6 | B6: Carbon | C6: C | D6: Nonmetal | E6: 12 | F6: =E6-A6 -> 6 | G6: =(A6 * 1.007276) + (F6 * 1.008665) + (L6 * 0.00054858) -> 12.098937 | H6: =(G6-(A6*'Atomic Particles'!C1))/'Atomic Particles'!C2+A6 -> 12.003251 | I6: =0.529177210544 * (M6^2 / (A6 - AG6)) -> 0.65129503 | J6: =(('Atomic Particles'!C1)*A6)+(('Atomic Particles'!C2)*Elements!F6) -> 12.095659 | K6: =(E6^(1/3))*Constants!B2 -> 2.8617856e-15 | L6: 6 | M6: 2 | N6: 2 | O6: 2 | AF6: 2 | AG6: =IF(A6=1, 0, IF(A6=2, 0.3, IF(A6<=10, 0.35*(N6+O6-1)+0.85*M6, IF(A6<=18, 0.35*(P6+Q6-1)+0.85*(N6+O6)+M6, IF(A6<=36, 0.35*(S6+T6-1)+0.85*(P6+Q6+R6)+(M6+N6+O6), IF(A6<=54, 0.35*(W6+X6-1)+0.85*(S6+T6+U6)+(M6+N6+O6+P6+Q6+R6), IF(A6<=86, 0.35*(AA6+AB6-1)+0.85*(W6+X6+Y6+Z6)+(M6+N6+O6+P6+Q6+R6+S6+T6+U6+V6), IF(A6<=118, 0.35*(AD6+AE6-1)+0.85*(AA6+AB6+AC6)+(M6+N6+O6+P6+Q6+R6+S6+T6+U6+V6+W6+X6+Y6+Z6), 0)))))))) -> 2.75 | AH6: =(G6 * 1.6605E-24) / (AI6 * 1E-24) -> 17.360579 | AI6: =(4/3) * PI() * (I6^3) -> 1.1572359 | AJ6: =(A6*1.67262192369E-27 + F6*1.67492749804E-27 + L6*9.1093837015E-31) / 1.6605390666E-27 -> 12.09894 | AM6: =A6 - L6 -> 0 | AN6: =A6-AG6 -> 3.25 | AO6: =4 * PI() * 8.854187817E-12 * (I6 * 0.0000000001)^3 -> 3.0739152e-41 | AP6: =AO6 * 10^12 -> 3.0739152e-29 | AQ6: =(1 / (2 * 3.14159265358979)) * SQRT((A6 * (1.602176634E-19^2)) / ((AI6 * 1E-30) * 9.1093837015E-31 * 8.8541878128E-12)) -> 2.0444493e+16 | AR6: =I6 * 350 -> 227.95326 | AS6: =299792458000000000 / AQ6 -> 14.663727
A7: 7 | B7: Nitrogen | C7: N | D7: Nonmetal | E7: 14 | F7: =E7-A7 -> 7 | G7: =(A7 * 1.007276) + (F7 * 1.008665) + (L7 * 0.00054858) -> 14.115427 | H7: =(G7-(A7*'Atomic Particles'!C1))/'Atomic Particles'!C2+A7 -> 14.003792 | I7: =0.529177210544 * (M7^2 / (A7 - AG7)) -> 0.54274586 | J7: =(('Atomic Particles'!C1)*A7)+(('Atomic Particles'!C2)*Elements!F7) -> 14.111602 | K7: =(E7^(1/3))*Constants!B2 -> 3.0126778e-15 | L7: 7 | M7: 2 | N7: 2 | O7: 3 | AF7: 2 | AG7: =IF(A7=1, 0, IF(A7=2, 0.3, IF(A7<=10, 0.35*(N7+O7-1)+0.85*M7, IF(A7<=18, 0.35*(P7+Q7-1)+0.85*(N7+O7)+M7, IF(A7<=36, 0.35*(S7+T7-1)+0.85*(P7+Q7+R7)+(M7+N7+O7), IF(A7<=54, 0.35*(W7+X7-1)+0.85*(S7+T7+U7)+(M7+N7+O7+P7+Q7+R7), IF(A7<=86, 0.35*(AA7+AB7-1)+0.85*(W7+X7+Y7+Z7)+(M7+N7+O7+P7+Q7+R7+S7+T7+U7+V7), IF(A7<=118, 0.35*(AD7+AE7-1)+0.85*(AA7+AB7+AC7)+(M7+N7+O7+P7+Q7+R7+S7+T7+U7+V7+W7+X7+Y7+Z7), 0)))))))) -> 3.1 | AH7: =(G7 * 1.6605E-24) / (AI7 * 1E-24) -> 34.998928 | AI7: =(4/3) * PI() * (I7^3) -> 0.6696967 | AJ7: =(A7*1.67262192369E-27 + F7*1.67492749804E-27 + L7*9.1093837015E-31) / 1.6605390666E-27 -> 14.11543 | AM7: =A7 - L7 -> 0 | AN7: =A7-AG7 -> 3.9 | AO7: =4 * PI() * 8.854187817E-12 * (I7 * 0.0000000001)^3 -> 1.7788861e-41 | AP7: =AO7 * 10^12 -> 1.7788861e-29 | AQ7: =(1 / (2 * 3.14159265358979)) * SQRT((A7 * (1.602176634E-19^2)) / ((AI7 * 1E-30) * 9.1093837015E-31 * 8.8541878128E-12)) -> 2.90283e+16 | AR7: =I7 * 350 -> 189.96105 | AS7: =299792458000000000 / AQ7 -> 10.327593
A8: 8 | B8: Oxygen | C8: O | D8: Nonmetal | E8: 16 | F8: =E8-A8 -> 8 | G8: =(A8 * 1.007276) + (F8 * 1.008665) + (L8 * 0.00054858) -> 16.131917 | H8: =(G8-(A8*'Atomic Particles'!C1))/'Atomic Particles'!C2+A8 -> 16.004334 | I8: =0.529177210544 * (M8^2 / (A8 - AG8)) -> 0.46521073 | J8: =(('Atomic Particles'!C1)*A8)+(('Atomic Particles'!C2)*Elements!F8) -> 16.127545 | K8: =(E8^(1/3))*Constants!B2 -> 3.1498026e-15 | L8: 8 | M8: 2 | N8: 2 | O8: 4 | AF8: 2 | AG8: =IF(A8=1, 0, IF(A8=2, 0.3, IF(A8<=10, 0.35*(N8+O8-1)+0.85*M8, IF(A8<=18, 0.35*(P8+Q8-1)+0.85*(N8+O8)+M8, IF(A8<=36, 0.35*(S8+T8-1)+0.85*(P8+Q8+R8)+(M8+N8+O8), IF(A8<=54, 0.35*(W8+X8-1)+0.85*(S8+T8+U8)+(M8+N8+O8+P8+Q8+R8), IF(A8<=86, 0.35*(AA8+AB8-1)+0.85*(W8+X8+Y8+Z8)+(M8+N8+O8+P8+Q8+R8+S8+T8+U8+V8), IF(A8<=118, 0.35*(AD8+AE8-1)+0.85*(AA8+AB8+AC8)+(M8+N8+O8+P8+Q8+R8+S8+T8+U8+V8+W8+X8+Y8+Z8), 0)))))))) -> 3.45 | AH8: =(G8 * 1.6605E-24) / (AI8 * 1E-24) -> 63.516573 | AI8: =(4/3) * PI() * (I8^3) -> 0.4217332 | AJ8: =(A8*1.67262192369E-27 + F8*1.67492749804E-27 + L8*9.1093837015E-31) / 1.6605390666E-27 -> 16.13192 | AM8: =A8 - L8 -> 0 | AN8: =A8-AG8 -> 4.55 | AO8: =4 * PI() * 8.854187817E-12 * (I8 * 0.0000000001)^3 -> 1.1202315e-41 | AP8: =AO8 * 10^12 -> 1.1202315e-29 | AQ8: =(1 / (2 * 3.14159265358979)) * SQRT((A8 * (1.602176634E-19^2)) / ((AI8 * 1E-30) * 9.1093837015E-31 * 8.8541878128E-12)) -> 3.9105493e+16 | AR8: =I8 * 350 -> 162.82376 | AS8: =299792458000000000 / AQ8 -> 7.6662494
A9: 9 | B9: Fluorine | C9: F | D9: Halogen | E9: 19 | F9: =E9-A9 -> 10 | G9: =(A9 * 1.007276) + (F9 * 1.008665) + (L9 * 0.00054858) -> 19.157071 | H9: =(G9-(A9*'Atomic Particles'!C1))/'Atomic Particles'!C2+A9 -> 19.004875 | I9: =0.529177210544 * (M9^2 / (A9 - AG9)) -> 0.40705939 | J9: =(('Atomic Particles'!C1)*A9)+(('Atomic Particles'!C2)*Elements!F9) -> 19.152154 | K9: =(E9^(1/3))*Constants!B2 -> 3.3355021e-15 | L9: 9 | M9: 2 | N9: 2 | O9: 5 | AF9: 2 | AG9: =IF(A9=1, 0, IF(A9=2, 0.3, IF(A9<=10, 0.35*(N9+O9-1)+0.85*M9, IF(A9<=18, 0.35*(P9+Q9-1)+0.85*(N9+O9)+M9, IF(A9<=36, 0.35*(S9+T9-1)+0.85*(P9+Q9+R9)+(M9+N9+O9), IF(A9<=54, 0.35*(W9+X9-1)+0.85*(S9+T9+U9)+(M9+N9+O9+P9+Q9+R9), IF(A9<=86, 0.35*(AA9+AB9-1)+0.85*(W9+X9+Y9+Z9)+(M9+N9+O9+P9+Q9+R9+S9+T9+U9+V9), IF(A9<=118, 0.35*(AD9+AE9-1)+0.85*(AA9+AB9+AC9)+(M9+N9+O9+P9+Q9+R9+S9+T9+U9+V9+W9+X9+Y9+Z9), 0)))))))) -> 3.8 | AH9: =(G9 * 1.6605E-24) / (AI9 * 1E-24) -> 112.59161 | AI9: =(4/3) * PI() * (I9^3) -> 0.2825283 | AJ9: =(A9*1.67262192369E-27 + F9*1.67492749804E-27 + L9*9.1093837015E-31) / 1.6605390666E-27 -> 19.157075 | AM9: =A9 - L9 -> 0 | AN9: =A9-AG9 -> 5.2 | AO9: =4 * PI() * 8.854187817E-12 * (I9 * 0.0000000001)^3 -> 7.5046758e-42 | AP9: =AO9 * 10^12 -> 7.5046758e-30 | AQ9: =(1 / (2 * 3.14159265358979)) * SQRT((A9 * (1.602176634E-19^2)) / ((AI9 * 1E-30) * 9.1093837015E-31 * 8.8541878128E-12)) -> 5.0675955e+16 | AR9: =I9 * 350 -> 142.47079 | AS9: =299792458000000000 / AQ9 -> 5.9158719
A10: 10 | B10: Neon | C10: Ne | D10: Noble Gas | E10: 20 | F10: =E10-A10 -> 10 | G10: =(A10 * 1.007276) + (F10 * 1.008665) + (L10 * 0.00054858) -> 20.164896 | H10: =(G10-(A10*'Atomic Particles'!C1))/'Atomic Particles'!C2+A10 -> 20.005418 | I10: =0.529177210544 * (M10^2 / (A10 - AG10)) -> 0.36183057 | J10: =(('Atomic Particles'!C1)*A10)+(('Atomic Particles'!C2)*Elements!F10) -> 20.159431 | K10: =(E10^(1/3))*Constants!B2 -> 3.393022e-15 | L10: 10 | M10: 2 | N10: 2 | O10: 6 | AF10: 2 | AG10: =IF(A10=1, 0, IF(A10=2, 0.3, IF(A10<=10, 0.35*(N10+O10-1)+0.85*M10, IF(A10<=18, 0.35*(P10+Q10-1)+0.85*(N10+O10)+M10, IF(A10<=36, 0.35*(S10+T10-1)+0.85*(P10+Q10+R10)+(M10+N10+O10), IF(A10<=54, 0.35*(W10+X10-1)+0.85*(S10+T10+U10)+(M10+N10+O10+P10+Q10+R10), IF(A10<=86, 0.35*(AA10+AB10-1)+0.85*(W10+X10+Y10+Z10)+(M10+N10+O10+P10+Q10+R10+S10+T10+U10+V10), IF(A10<=118, 0.35*(AD10+AE10-1)+0.85*(AA10+AB10+AC10)+(M10+N10+O10+P10+Q10+R10+S10+T10+U10+V10+W10+X10+Y10+Z10), 0)))))))) -> 4.15 | AH10: =(G10 * 1.6605E-24) / (AI10 * 1E-24) -> 168.74483 | AI10: =(4/3) * PI() * (I10^3) -> 0.19842865 | AJ10: =(A10*1.67262192369E-27 + F10*1.67492749804E-27 + L10*9.1093837015E-31) / 1.6605390666E-27 -> 20.1649 | AM10: =A10 - L10 -> 0 | AN10: =A10-AG10 -> 5.85 | AO10: =4 * PI() * 8.854187817E-12 * (I10 * 0.0000000001)^3 -> 5.2707737e-42 | AP10: =AO10 * 10^12 -> 5.2707737e-30 | AQ10: =(1 / (2 * 3.14159265358979)) * SQRT((A10 * (1.602176634E-19^2)) / ((AI10 * 1E-30) * 9.1093837015E-31 * 8.8541878128E-12)) -> 6.373962e+16 | AR10: =I10 * 350 -> 126.6407 | AS10: =299792458000000000 / AQ10 -> 4.7033926
A11: 11 | B11: Sodium | C11: Na | D11: Alkali Metal | E11: 23 | F11: =E11-A11 -> 12 | G11: =(A11 * 1.007276) + (F11 * 1.008665) + (L11 * 0.00054858) -> 23.19005 | H11: =(G11-(A11*'Atomic Particles'!C1))/'Atomic Particles'!C2+A11 -> 23.005958 | I11: =0.529177210544 * (M11^2 / (A11 - AG11)) -> 0.96214038 | J11: =(('Atomic Particles'!C1)*A11)+(('Atomic Particles'!C2)*Elements!F11) -> 23.18404 | K11: =(E11^(1/3))*Constants!B2 -> 3.5548337e-15 | L11: 11 | M11: 2 | N11: 2 | O11: 6 | P11: 1 | AF11: 3 | AG11: =IF(A11=1, 0, IF(A11=2, 0.3, IF(A11<=10, 0.35*(N11+O11-1)+0.85*M11, IF(A11<=18, 0.35*(P11+Q11-1)+0.85*(N11+O11)+M11, IF(A11<=36, 0.35*(S11+T11-1)+0.85*(P11+Q11+R11)+(M11+N11+O11), IF(A11<=54, 0.35*(W11+X11-1)+0.85*(S11+T11+U11)+(M11+N11+O11+P11+Q11+R11), IF(A11<=86, 0.35*(AA11+AB11-1)+0.85*(W11+X11+Y11+Z11)+(M11+N11+O11+P11+Q11+R11+S11+T11+U11+V11), IF(A11<=118, 0.35*(AD11+AE11-1)+0.85*(AA11+AB11+AC11)+(M11+N11+O11+P11+Q11+R11+S11+T11+U11+V11+W11+X11+Y11+Z11), 0)))))))) -> 8.8 | AH11: =(G11 * 1.6605E-24) / (AI11 * 1E-24) -> 10.321353 | AI11: =(4/3) * PI() * (I11^3) -> 3.7308169 | AJ11: =(A11*1.67262192369E-27 + F11*1.67492749804E-27 + L11*9.1093837015E-31) / 1.6605390666E-27 -> 23.190055 | AM11: =A11 - L11 -> 0 | AN11: =A11-AG11 -> 2.2 | AO11: =4 * PI() * 8.854187817E-12 * (I11 * 0.0000000001)^3 -> 9.9100061e-41 | AP11: =AO11 * 10^12 -> 9.9100061e-29 | AQ11: =(1 / (2 * 3.14159265358979)) * SQRT((A11 * (1.602176634E-19^2)) / ((AI11 * 1E-30) * 9.1093837015E-31 * 8.8541878128E-12)) -> 1.5417219e+16 | AR11: =I11 * 350 -> 336.74913 | AS11: =299792458000000000 / AQ11 -> 19.445301
A12: 12 | B12: Magnesium | C12: Mg | D12: Alkali Earth Metal | E12: 24 | F12: =E12-A12 -> 12 | G12: =(A12 * 1.007276) + (F12 * 1.008665) + (L12 * 0.00054858) -> 24.197875 | H12: =(G12-(A12*'Atomic Particles'!C1))/'Atomic Particles'!C2+A12 -> 24.006501 | I12: =0.529177210544 * (M12^2 / (A12 - AG12)) -> 0.74270486 | J12: =(('Atomic Particles'!C1)*A12)+(('Atomic Particles'!C2)*Elements!F12) -> 24.191318 | K12: =(E12^(1/3))*Constants!B2 -> 3.6056239e-15 | L12: 12 | M12: 2 | N12: 2 | O12: 6 | P12: 2 | AF12: 3 | AG12: =IF(A12=1, 0, IF(A12=2, 0.3, IF(A12<=10, 0.35*(N12+O12-1)+0.85*M12, IF(A12<=18, 0.35*(P12+Q12-1)+0.85*(N12+O12)+M12, IF(A12<=36, 0.35*(S12+T12-1)+0.85*(P12+Q12+R12)+(M12+N12+O12), IF(A12<=54, 0.35*(W12+X12-1)+0.85*(S12+T12+U12)+(M12+N12+O12+P12+Q12+R12), IF(A12<=86, 0.35*(AA12+AB12-1)+0.85*(W12+X12+Y12+Z12)+(M12+N12+O12+P12+Q12+R12+S12+T12+U12+V12), IF(A12<=118, 0.35*(AD12+AE12-1)+0.85*(AA12+AB12+AC12)+(M12+N12+O12+P12+Q12+R12+S12+T12+U12+V12+W12+X12+Y12+Z12), 0)))))))) -> 9.15 | AH12: =(G12 * 1.6605E-24) / (AI12 * 1E-24) -> 23.414167 | AI12: =(4/3) * PI() * (I12^3) -> 1.7160795 | AJ12: =(A12*1.67262192369E-27 + F12*1.67492749804E-27 + L12*9.1093837015E-31) / 1.6605390666E-27 -> 24.19788 | AM12: =A12 - L12 -> 0 | AN12: =A12-AG12 -> 2.85 | AO12: =4 * PI() * 8.854187817E-12 * (I12 * 0.0000000001)^3 -> 4.558347e-41 | AP12: =AO12 * 10^12 -> 4.558347e-29 | AQ12: =(1 / (2 * 3.14159265358979)) * SQRT((A12 * (1.602176634E-19^2)) / ((AI12 * 1E-30) * 9.1093837015E-31 * 8.8541878128E-12)) -> 2.374289e+16 | AR12: =I12 * 350 -> 259.9467 | AS12: =299792458000000000 / AQ12 -> 12.62662
A13: 13 | B13: Aluminum | C13: Al | D13: Post-transitional Metals | E13: 27 | F13: =E13-A13 -> 14 | G13: =(A13 * 1.007276) + (F13 * 1.008665) + (L13 * 0.00054858) -> 27.22303 | H13: =(G13-(A13*'Atomic Particles'!C1))/'Atomic Particles'!C2+A13 -> 27.007042 | I13: =0.529177210544 * (M13^2 / (A13 - AG13)) -> 0.5039783 | J13: =(('Atomic Particles'!C1)*A13)+(('Atomic Particles'!C2)*Elements!F13) -> 27.215927 | K13: =(E13^(1/3))*Constants!B2 -> 3.75e-15 | L13: 13 | M13: 2 | N13: 2 | O13: 6 | P13: 1 | AF13: 3 | AG13: =IF(A13=1, 0, IF(A13=2, 0.3, IF(A13<=10, 0.35*(N13+O13-1)+0.85*M13, IF(A13<=18, 0.35*(P13+Q13-1)+0.85*(N13+O13)+M13, IF(A13<=36, 0.35*(S13+T13-1)+0.85*(P13+Q13+R13)+(M13+N13+O13), IF(A13<=54, 0.35*(W13+X13-1)+0.85*(S13+T13+U13)+(M13+N13+O13+P13+Q13+R13), IF(A13<=86, 0.35*(AA13+AB13-1)+0.85*(W13+X13+Y13+Z13)+(M13+N13+O13+P13+Q13+R13+S13+T13+U13+V13), IF(A13<=118, 0.35*(AD13+AE13-1)+0.85*(AA13+AB13+AC13)+(M13+N13+O13+P13+Q13+R13+S13+T13+U13+V13+W13+X13+Y13+Z13), 0)))))))) -> 8.8 | AH13: =(G13 * 1.6605E-24) / (AI13 * 1E-24) -> 84.304591 | AI13: =(4/3) * PI() * (I13^3) -> 0.53619667 | AJ13: =(A13*1.67262192369E-27 + F13*1.67492749804E-27 + L13*9.1093837015E-31) / 1.6605390666E-27 -> 27.223034 | AM13: =A13 - L13 -> 0 | AN13: =A13-AG13 -> 4.2 | AO13: =4 * PI() * 8.854187817E-12 * (I13 * 0.0000000001)^3 -> 1.4242758e-41 | AP13: =AO13 * 10^12 -> 1.4242758e-29 | AQ13: =(1 / (2 * 3.14159265358979)) * SQRT((A13 * (1.602176634E-19^2)) / ((AI13 * 1E-30) * 9.1093837015E-31 * 8.8541878128E-12)) -> 4.4210078e+16 | AR13: =I13 * 350 -> 176.3924 | AS13: =299792458000000000 / AQ13 -> 6.7810886
A14: 14 | B14: Silicon | C14: Si | D14: Metalloid | E14: 28 | F14: =E14-A14 -> 14 | G14: =(A14 * 1.007276) + (F14 * 1.008665) + (L14 * 0.00054858) -> 28.230854 | H14: =(G14-(A14*'Atomic Particles'!C1))/'Atomic Particles'!C2+A14 -> 28.007585 | I14: =0.529177210544 * (M14^2 / (A14 - AG14)) -> 0.51005032 | J14: =(('Atomic Particles'!C1)*A14)+(('Atomic Particles'!C2)*Elements!F14) -> 28.223204 | K14: =(E14^(1/3))*Constants!B2 -> 3.7957362e-15 | L14: 14 | M14: 2 | N14: 2 | O14: 6 | P14: 2 | Q14: 2 | AF14: 3 | AG14: =IF(A14=1, 0, IF(A14=2, 0.3, IF(A14<=10, 0.35*(N14+O14-1)+0.85*M14, IF(A14<=18, 0.35*(P14+Q14-1)+0.85*(N14+O14)+M14, IF(A14<=36, 0.35*(S14+T14-1)+0.85*(P14+Q14+R14)+(M14+N14+O14), IF(A14<=54, 0.35*(W14+X14-1)+0.85*(S14+T14+U14)+(M14+N14+O14+P14+Q14+R14), IF(A14<=86, 0.35*(AA14+AB14-1)+0.85*(W14+X14+Y14+Z14)+(M14+N14+O14+P14+Q14+R14+S14+T14+U14+V14), IF(A14<=118, 0.35*(AD14+AE14-1)+0.85*(AA14+AB14+AC14)+(M14+N14+O14+P14+Q14+R14+S14+T14+U14+V14+W14+X14+Y14+Z14), 0)))))))) -> 9.85 | AH14: =(G14 * 1.6605E-24) / (AI14 * 1E-24) -> 84.340313 | AI14: =(4/3) * PI() * (I14^3) -> 0.55581171 | AJ14: =(A14*1.67262192369E-27 + F14*1.67492749804E-27 + L14*9.1093837015E-31) / 1.6605390666E-27 -> 28.230859 | AM14: =A14 - L14 -> 0 | AN14: =A14-AG14 -> 4.15 | AO14: =4 * PI() * 8.854187817E-12 * (I14 * 0.0000000001)^3 -> 1.4763784e-41 | AP14: =AO14 * 10^12 -> 1.4763784e-29 | AQ14: =(1 / (2 * 3.14159265358979)) * SQRT((A14 * (1.602176634E-19^2)) / ((AI14 * 1E-30) * 9.1093837015E-31 * 8.8541878128E-12)) -> 4.5062142e+16 | AR14: =I14 * 350 -> 178.51761 | AS14: =299792458000000000 / AQ14 -> 6.6528674
A15: 15 | B15: Phosphorus | C15: P | D15: Nonmetal | E15: 31 | F15: =E15-A15 -> 16 | G15: =(A15 * 1.007276) + (F15 * 1.008665) + (L15 * 0.00054858) -> 31.256009 | H15: =(G15-(A15*'Atomic Particles'!C1))/'Atomic Particles'!C2+A15 -> 31.008125 | I15: =0.529177210544 * (M15^2 / (A15 - AG15)) -> 0.44098101 | J15: =(('Atomic Particles'!C1)*A15)+(('Atomic Particles'!C2)*Elements!F15) -> 31.247813 | K15: =(E15^(1/3))*Constants!B2 -> 3.9267258e-15 | L15: 15 | M15: 2 | N15: 2 | O15: 6 | P15: 2 | Q15: 3 | AF15: 3 | AG15: =IF(A15=1, 0, IF(A15=2, 0.3, IF(A15<=10, 0.35*(N15+O15-1)+0.85*M15, IF(A15<=18, 0.35*(P15+Q15-1)+0.85*(N15+O15)+M15, IF(A15<=36, 0.35*(S15+T15-1)+0.85*(P15+Q15+R15)+(M15+N15+O15), IF(A15<=54, 0.35*(W15+X15-1)+0.85*(S15+T15+U15)+(M15+N15+O15+P15+Q15+R15), IF(A15<=86, 0.35*(AA15+AB15-1)+0.85*(W15+X15+Y15+Z15)+(M15+N15+O15+P15+Q15+R15+S15+T15+U15+V15), IF(A15<=118, 0.35*(AD15+AE15-1)+0.85*(AA15+AB15+AC15)+(M15+N15+O15+P15+Q15+R15+S15+T15+U15+V15+W15+X15+Y15+Z15), 0)))))))) -> 10.2 | AH15: =(G15 * 1.6605E-24) / (AI15 * 1E-24) -> 144.48545 | AI15: =(4/3) * PI() * (I15^3) -> 0.35920988 | AJ15: =(A15*1.67262192369E-27 + F15*1.67492749804E-27 + L15*9.1093837015E-31) / 1.6605390666E-27 -> 31.256014 | AM15: =A15 - L15 -> 0 | AN15: =A15-AG15 -> 4.8 | AO15: =4 * PI() * 8.854187817E-12 * (I15 * 0.0000000001)^3 -> 9.5415351e-42 | AP15: =AO15 * 10^12 -> 9.5415351e-30 | AQ15: =(1 / (2 * 3.14159265358979)) * SQRT((A15 * (1.602176634E-19^2)) / ((AI15 * 1E-30) * 9.1093837015E-31 * 8.8541878128E-12)) -> 5.8020726e+16 | AR15: =I15 * 350 -> 154.34335 | AS15: =299792458000000000 / AQ15 -> 5.1669891
A16: 16 | B16: Sulfur | C16: S | D16: Nonmetal | E16: 32 | F16: =E16-A16 -> 16 | G16: =(A16 * 1.007276) + (F16 * 1.008665) + (L16 * 0.00054858) -> 32.263833 | H16: =(G16-(A16*'Atomic Particles'!C1))/'Atomic Particles'!C2+A16 -> 32.008668 | I16: =0.529177210544 * (M16^2 / (A16 - AG16)) -> 0.38838694 | J16: =(('Atomic Particles'!C1)*A16)+(('Atomic Particles'!C2)*Elements!F16) -> 32.25509 | K16: =(E16^(1/3))*Constants!B2 -> 3.9685026e-15 | L16: 16 | M16: 2 | N16: 2 | O16: 6 | P16: 2 | Q16: 4 | AF16: 3 | AG16: =IF(A16=1, 0, IF(A16=2, 0.3, IF(A16<=10, 0.35*(N16+O16-1)+0.85*M16, IF(A16<=18, 0.35*(P16+Q16-1)+0.85*(N16+O16)+M16, IF(A16<=36, 0.35*(S16+T16-1)+0.85*(P16+Q16+R16)+(M16+N16+O16), IF(A16<=54, 0.35*(W16+X16-1)+0.85*(S16+T16+U16)+(M16+N16+O16+P16+Q16+R16), IF(A16<=86, 0.35*(AA16+AB16-1)+0.85*(W16+X16+Y16+Z16)+(M16+N16+O16+P16+Q16+R16+S16+T16+U16+V16), IF(A16<=118, 0.35*(AD16+AE16-1)+0.85*(AA16+AB16+AC16)+(M16+N16+O16+P16+Q16+R16+S16+T16+U16+V16+W16+X16+Y16+Z16), 0)))))))) -> 10.55 | AH16: =(G16 * 1.6605E-24) / (AI16 * 1E-24) -> 218.30937 | AI16: =(4/3) * PI() * (I16^3) -> 0.24540447 | AJ16: =(A16*1.67262192369E-27 + F16*1.67492749804E-27 + L16*9.1093837015E-31) / 1.6605390666E-27 -> 32.263839 | AM16: =A16 - L16 -> 0 | AN16: =A16-AG16 -> 5.45 | AO16: =4 * PI() * 8.854187817E-12 * (I16 * 0.0000000001)^3 -> 6.5185719e-42 | AP16: =AO16 * 10^12 -> 6.5185719e-30 | AQ16: =(1 / (2 * 3.14159265358979)) * SQRT((A16 * (1.602176634E-19^2)) / ((AI16 * 1E-30) * 9.1093837015E-31 * 8.8541878128E-12)) -> 7.2498733e+16 | AR16: =I16 * 350 -> 135.93543 | AS16: =299792458000000000 / AQ16 -> 4.1351407
A17: 17 | B17: Chlorine | C17: Cl | D17: Halogen | E17: 37 | F17: =E17-A17 -> 20 | G17: =(A17 * 1.007276) + (F17 * 1.008665) + (L17 * 0.00054858) -> 37.306318 | H17: =(G17-(A17*'Atomic Particles'!C1))/'Atomic Particles'!C2+A17 -> 37.009207 | I17: =0.529177210544 * (M17^2 / (A17 - AG17)) -> 0.34700145 | J17: =(('Atomic Particles'!C1)*A17)+(('Atomic Particles'!C2)*Elements!F17) -> 37.297031 | K17: =(E17^(1/3))*Constants!B2 -> 4.1652773e-15 | L17: 17 | M17: 2 | N17: 2 | O17: 6 | P17: 2 | Q17: 5 | AF17: 3 | AG17: =IF(A17=1, 0, IF(A17=2, 0.3, IF(A17<=10, 0.35*(N17+O17-1)+0.85*M17, IF(A17<=18, 0.35*(P17+Q17-1)+0.85*(N17+O17)+M17, IF(A17<=36, 0.35*(S17+T17-1)+0.85*(P17+Q17+R17)+(M17+N17+O17), IF(A17<=54, 0.35*(W17+X17-1)+0.85*(S17+T17+U17)+(M17+N17+O17+P17+Q17+R17), IF(A17<=86, 0.35*(AA17+AB17-1)+0.85*(W17+X17+Y17+Z17)+(M17+N17+O17+P17+Q17+R17+S17+T17+U17+V17), IF(A17<=118, 0.35*(AD17+AE17-1)+0.85*(AA17+AB17+AC17)+(M17+N17+O17+P17+Q17+R17+S17+T17+U17+V17+W17+X17+Y17+Z17), 0)))))))) -> 10.9 | AH17: =(G17 * 1.6605E-24) / (AI17 * 1E-24) -> 353.94745 | AI17: =(4/3) * PI() * (I17^3) -> 0.1750179 | AJ17: =(A17*1.67262192369E-27 + F17*1.67492749804E-27 + L17*9.1093837015E-31) / 1.6605390666E-27 -> 37.306324 | AM17: =A17 - L17 -> 0 | AN17: =A17-AG17 -> 6.1 | AO17: =4 * PI() * 8.854187817E-12 * (I17 * 0.0000000001)^3 -> 4.6489242e-42 | AP17: =AO17 * 10^12 -> 4.6489242e-30 | AQ17: =(1 / (2 * 3.14159265358979)) * SQRT((A17 * (1.602176634E-19^2)) / ((AI17 * 1E-30) * 9.1093837015E-31 * 8.8541878128E-12)) -> 8.8490141e+16 | AR17: =I17 * 350 -> 121.45051 | AS17: =299792458000000000 / AQ17 -> 3.3878628
A18: 18 | B18: Argon | C18: Ar | D18: Noble Gas | E18: 38 | F18: =E18-A18 -> 20 | G18: =(A18 * 1.007276) + (F18 * 1.008665) + (L18 * 0.00054858) -> 38.314142 | H18: =(G18-(A18*'Atomic Particles'!C1))/'Atomic Particles'!C2+A18 -> 38.00975 | I18: =0.529177210544 * (M18^2 / (A18 - AG18)) -> 0.3135865 | J18: =(('Atomic Particles'!C1)*A18)+(('Atomic Particles'!C2)*Elements!F18) -> 38.304308 | K18: =(E18^(1/3))*Constants!B2 -> 4.2024693e-15 | L18: 18 | M18: 2 | N18: 2 | O18: 6 | P18: 2 | Q18: 6 | AF18: 3 | AG18: =IF(A18=1, 0, IF(A18=2, 0.3, IF(A18<=10, 0.35*(N18+O18-1)+0.85*M18, IF(A18<=18, 0.35*(P18+Q18-1)+0.85*(N18+O18)+M18, IF(A18<=36, 0.35*(S18+T18-1)+0.85*(P18+Q18+R18)+(M18+N18+O18), IF(A18<=54, 0.35*(W18+X18-1)+0.85*(S18+T18+U18)+(M18+N18+O18+P18+Q18+R18), IF(A18<=86, 0.35*(AA18+AB18-1)+0.85*(W18+X18+Y18+Z18)+(M18+N18+O18+P18+Q18+R18+S18+T18+U18+V18), IF(A18<=118, 0.35*(AD18+AE18-1)+0.85*(AA18+AB18+AC18)+(M18+N18+O18+P18+Q18+R18+S18+T18+U18+V18+W18+X18+Y18+Z18), 0)))))))) -> 11.25 | AH18: =(G18 * 1.6605E-24) / (AI18 * 1E-24) -> 492.53526 | AI18: =(4/3) * PI() * (I18^3) -> 0.1291697 | AJ18: =(A18*1.67262192369E-27 + F18*1.67492749804E-27 + L18*9.1093837015E-31) / 1.6605390666E-27 -> 38.314149 | AM18: =A18 - L18 -> 0 | AN18: =A18-AG18 -> 6.75 | AO18: =4 * PI() * 8.854187817E-12 * (I18 * 0.0000000001)^3 -> 3.4310784e-42 | AP18: =AO18 * 10^12 -> 3.4310784e-30 | AQ18: =(1 / (2 * 3.14159265358979)) * SQRT((A18 * (1.602176634E-19^2)) / ((AI18 * 1E-30) * 9.1093837015E-31 * 8.8541878128E-12)) -> 1.0599066e+17 | AR18: =I18 * 350 -> 109.75527 | AS18: =299792458000000000 / AQ18 -> 2.82848
A19: 19 | B19: Potassium | C19: K | D19: Alkali Metal | E19: 39 | F19: =E19-A19 -> 20 | G19: =(A19 * 1.007276) + (F19 * 1.008665) + (L19 * 0.00054858) -> 39.321967 | H19: =(G19-(A19*'Atomic Particles'!C1))/'Atomic Particles'!C2+A19 -> 39.010292 | I19: =0.529177210544 * (M19^2 / (A19 - AG19)) -> 0.96214038 | J19: =(('Atomic Particles'!C1)*A19)+(('Atomic Particles'!C2)*Elements!F19) -> 39.311585 | K19: =(E19^(1/3))*Constants!B2 -> 4.2390143e-15 | L19: 19 | M19: 2 | N19: 2 | O19: 6 | P19: 2 | Q19: 6 | S19: 1 | AF19: 4 | AG19: =IF(A19=1, 0, IF(A19=2, 0.3, IF(A19<=10, 0.35*(N19+O19-1)+0.85*M19, IF(A19<=18, 0.35*(P19+Q19-1)+0.85*(N19+O19)+M19, IF(A19<=36, 0.35*(S19+T19-1)+0.85*(P19+Q19+R19)+(M19+N19+O19), IF(A19<=54, 0.35*(W19+X19-1)+0.85*(S19+T19+U19)+(M19+N19+O19+P19+Q19+R19), IF(A19<=86, 0.35*(AA19+AB19-1)+0.85*(W19+X19+Y19+Z19)+(M19+N19+O19+P19+Q19+R19+S19+T19+U19+V19), IF(A19<=118, 0.35*(AD19+AE19-1)+0.85*(AA19+AB19+AC19)+(M19+N19+O19+P19+Q19+R19+S19+T19+U19+V19+W19+X19+Y19+Z19), 0)))))))) -> 16.8 | AH19: =(G19 * 1.6605E-24) / (AI19 * 1E-24) -> 17.501295 | AI19: =(4/3) * PI() * (I19^3) -> 3.7308169 | AJ19: =(A19*1.67262192369E-27 + F19*1.67492749804E-27 + L19*9.1093837015E-31) / 1.6605390666E-27 -> 39.321974 | AM19: =A19 - L19 -> 0 | AN19: =A19-AG19 -> 2.2 | AO19: =4 * PI() * 8.854187817E-12 * (I19 * 0.0000000001)^3 -> 9.9100061e-41 | AP19: =AO19 * 10^12 -> 9.9100061e-29 | AQ19: =(1 / (2 * 3.14159265358979)) * SQRT((A19 * (1.602176634E-19^2)) / ((AI19 * 1E-30) * 9.1093837015E-31 * 8.8541878128E-12)) -> 2.0262195e+16 | AR19: =I19 * 350 -> 336.74913 | AS19: =299792458000000000 / AQ19 -> 14.795655
A20: 20 | B20: Calcium | C20: Ca | D20: Alkali Earth Metal | E20: 42 | F20: =E20-A20 -> 22 | G20: =(A20 * 1.007276) + (F20 * 1.008665) + (L20 * 0.00054858) -> 42.347122 | H20: =(G20-(A20*'Atomic Particles'!C1))/'Atomic Particles'!C2+A20 -> 42.010833 | I20: =0.529177210544 * (M20^2 / (A20 - AG20)) -> 0.74270486 | J20: =(('Atomic Particles'!C1)*A20)+(('Atomic Particles'!C2)*Elements!F20) -> 42.336194 | K20: =(E20^(1/3))*Constants!B2 -> 4.3450333e-15 | L20: 20 | M20: 2 | N20: 2 | O20: 6 | P20: 2 | Q20: 6 | S20: 2 | AF20: 4 | AG20: =IF(A20=1, 0, IF(A20=2, 0.3, IF(A20<=10, 0.35*(N20+O20-1)+0.85*M20, IF(A20<=18, 0.35*(P20+Q20-1)+0.85*(N20+O20)+M20, IF(A20<=36, 0.35*(S20+T20-1)+0.85*(P20+Q20+R20)+(M20+N20+O20), IF(A20<=54, 0.35*(W20+X20-1)+0.85*(S20+T20+U20)+(M20+N20+O20+P20+Q20+R20), IF(A20<=86, 0.35*(AA20+AB20-1)+0.85*(W20+X20+Y20+Z20)+(M20+N20+O20+P20+Q20+R20+S20+T20+U20+V20), IF(A20<=118, 0.35*(AD20+AE20-1)+0.85*(AA20+AB20+AC20)+(M20+N20+O20+P20+Q20+R20+S20+T20+U20+V20+W20+X20+Y20+Z20), 0)))))))) -> 17.15 | AH20: =(G20 * 1.6605E-24) / (AI20 * 1E-24) -> 40.975605 | AI20: =(4/3) * PI() * (I20^3) -> 1.7160795 | AJ20: =(A20*1.67262192369E-27 + F20*1.67492749804E-27 + L20*9.1093837015E-31) / 1.6605390666E-27 -> 42.347129 | AM20: =A20 - L20 -> 0 | AN20: =A20-AG20 -> 2.85 | AO20: =4 * PI() * 8.854187817E-12 * (I20 * 0.0000000001)^3 -> 4.558347e-41 | AP20: =AO20 * 10^12 -> 4.558347e-29 | AQ20: =(1 / (2 * 3.14159265358979)) * SQRT((A20 * (1.602176634E-19^2)) / ((AI20 * 1E-30) * 9.1093837015E-31 * 8.8541878128E-12)) -> 3.065194e+16 | AR20: =I20 * 350 -> 259.9467 | AS20: =299792458000000000 / AQ20 -> 9.780538
A21: 21 | B21: Scandium | C21: Sc | D21: Transition Metals | E21: 45 | F21: =E21-A21 -> 24 | G21: =(A21 * 1.007276) + (F21 * 1.008665) + (L21 * 0.00054858) -> 45.372276 | H21: =(G21-(A21*'Atomic Particles'!C1))/'Atomic Particles'!C2+A21 -> 45.011374 | I21: =0.529177210544 * (M21^2 / (A21 - AG21)) -> 0.5497945 | J21: =(('Atomic Particles'!C1)*A21)+(('Atomic Particles'!C2)*Elements!F21) -> 45.360804 | K21: =(E21^(1/3))*Constants!B2 -> 4.4461166e-15 | L21: 21 | M21: 2 | N21: 2 | O21: 6 | P21: 2 | Q21: 6 | S21: 2 | AF21: 4 | AG21: =IF(A21=1, 0, IF(A21=2, 0.3, IF(A21<=10, 0.35*(N21+O21-1)+0.85*M21, IF(A21<=18, 0.35*(P21+Q21-1)+0.85*(N21+O21)+M21, IF(A21<=36, 0.35*(S21+T21-1)+0.85*(P21+Q21+R21)+(M21+N21+O21), IF(A21<=54, 0.35*(W21+X21-1)+0.85*(S21+T21+U21)+(M21+N21+O21+P21+Q21+R21), IF(A21<=86, 0.35*(AA21+AB21-1)+0.85*(W21+X21+Y21+Z21)+(M21+N21+O21+P21+Q21+R21+S21+T21+U21+V21), IF(A21<=118, 0.35*(AD21+AE21-1)+0.85*(AA21+AB21+AC21)+(M21+N21+O21+P21+Q21+R21+S21+T21+U21+V21+W21+X21+Y21+Z21), 0)))))))) -> 17.15 | AH21: =(G21 * 1.6605E-24) / (AI21 * 1E-24) -> 108.22801 | AI21: =(4/3) * PI() * (I21^3) -> 0.69612911 | AJ21: =(A21*1.67262192369E-27 + F21*1.67492749804E-27 + L21*9.1093837015E-31) / 1.6605390666E-27 -> 45.372284 | AM21: =A21 - L21 -> 0 | AN21: =A21-AG21 -> 3.85 | AO21: =4 * PI() * 8.854187817E-12 * (I21 * 0.0000000001)^3 -> 1.8490974e-41 | AP21: =AO21 * 10^12 -> 1.8490974e-29 | AQ21: =(1 / (2 * 3.14159265358979)) * SQRT((A21 * (1.602176634E-19^2)) / ((AI21 * 1E-30) * 9.1093837015E-31 * 8.8541878128E-12)) -> 4.9314702e+16 | AR21: =I21 * 350 -> 192.42808 | AS21: =299792458000000000 / AQ21 -> 6.07917
A22: 22 | B22: Titanium | C22: Ti | D22: Transition Metals | E22: 49 | F22: =E22-A22 -> 27 | G22: =(A22 * 1.007276) + (F22 * 1.008665) + (L22 * 0.00054858) -> 49.406096 | H22: =(G22-(A22*'Atomic Particles'!C1))/'Atomic Particles'!C2+A22 -> 49.011914 | I22: =0.529177210544 * (M22^2 / (A22 - AG22)) -> 0.67197106 | J22: =(('Atomic Particles'!C1)*A22)+(('Atomic Particles'!C2)*Elements!F22) -> 49.394079 | K22: =(E22^(1/3))*Constants!B2 -> 4.5741321e-15 | L22: 22 | M22: 2 | N22: 2 | O22: 6 | P22: 2 | Q22: 6 | R22: 2 | S22: 2 | AF22: 4 | AG22: =IF(A22=1, 0, IF(A22=2, 0.3, IF(A22<=10, 0.35*(N22+O22-1)+0.85*M22, IF(A22<=18, 0.35*(P22+Q22-1)+0.85*(N22+O22)+M22, IF(A22<=36, 0.35*(S22+T22-1)+0.85*(P22+Q22+R22)+(M22+N22+O22), IF(A22<=54, 0.35*(W22+X22-1)+0.85*(S22+T22+U22)+(M22+N22+O22+P22+Q22+R22), IF(A22<=86, 0.35*(AA22+AB22-1)+0.85*(W22+X22+Y22+Z22)+(M22+N22+O22+P22+Q22+R22+S22+T22+U22+V22), IF(A22<=118, 0.35*(AD22+AE22-1)+0.85*(AA22+AB22+AC22)+(M22+N22+O22+P22+Q22+R22+S22+T22+U22+V22+W22+X22+Y22+Z22), 0)))))))) -> 18.85 | AH22: =(G22 * 1.6605E-24) / (AI22 * 1E-24) -> 64.547451 | AI22: =(4/3) * PI() * (I22^3) -> 1.2709847 | AJ22: =(A22*1.67262192369E-27 + F22*1.67492749804E-27 + L22*9.1093837015E-31) / 1.6605390666E-27 -> 49.406104 | AM22: =A22 - L22 -> 0 | AN22: =A22-AG22 -> 3.15 | AO22: =4 * PI() * 8.854187817E-12 * (I22 * 0.0000000001)^3 -> 3.3760612e-41 | AP22: =AO22 * 10^12 -> 3.3760612e-29 | AQ22: =(1 / (2 * 3.14159265358979)) * SQRT((A22 * (1.602176634E-19^2)) / ((AI22 * 1E-30) * 9.1093837015E-31 * 8.8541878128E-12)) -> 3.7355353e+16 | AR22: =I22 * 350 -> 235.18987 | AS22: =299792458000000000 / AQ22 -> 8.0254217
A23: 23 | B23: Vanadium | C23: V | D23: Transition Metals | E23: 51 | F23: =E23-A23 -> 28 | G23: =(A23 * 1.007276) + (F23 * 1.008665) + (L23 * 0.00054858) -> 51.422585 | H23: =(G23-(A23*'Atomic Particles'!C1))/'Atomic Particles'!C2+A23 -> 51.012456 | I23: =0.529177210544 * (M23^2 / (A23 - AG23)) -> 0.64142692 | J23: =(('Atomic Particles'!C23)*A1)+(('Atomic Particles'!C2)*Elements!F23) -> 28.242646 | K23: =(E23^(1/3))*Constants!B2 -> 4.6355372e-15 | L23: 23 | M23: 2 | N23: 2 | O23: 6 | P23: 2 | Q23: 6 | R23: 3 | S23: 2 | AF23: 4 | AG23: =IF(A23=1, 0, IF(A23=2, 0.3, IF(A23<=10, 0.35*(N23+O23-1)+0.85*M23, IF(A23<=18, 0.35*(P23+Q23-1)+0.85*(N23+O23)+M23, IF(A23<=36, 0.35*(S23+T23-1)+0.85*(P23+Q23+R23)+(M23+N23+O23), IF(A23<=54, 0.35*(W23+X23-1)+0.85*(S23+T23+U23)+(M23+N23+O23+P23+Q23+R23), IF(A23<=86, 0.35*(AA23+AB23-1)+0.85*(W23+X23+Y23+Z23)+(M23+N23+O23+P23+Q23+R23+S23+T23+U23+V23), IF(A23<=118, 0.35*(AD23+AE23-1)+0.85*(AA23+AB23+AC23)+(M23+N23+O23+P23+Q23+R23+S23+T23+U23+V23+W23+X23+Y23+Z23), 0)))))))) -> 19.7 | AH23: =(G23 * 1.6605E-24) / (AI23 * 1E-24) -> 77.243621 | AI23: =(4/3) * PI() * (I23^3) -> 1.1054272 | AJ23: =(A23*1.67262192369E-27 + F23*1.67492749804E-27 + L23*9.1093837015E-31) / 1.6605390666E-27 -> 51.422594 | AM23: =A23 - L23 -> 0 | AN23: =A23-AG23 -> 3.3 | AO23: =4 * PI() * 8.854187817E-12 * (I23 * 0.0000000001)^3 -> 2.9362981e-41 | AP23: =AO23 * 10^12 -> 2.9362981e-29 | AQ23: =(1 / (2 * 3.14159265358979)) * SQRT((A23 * (1.602176634E-19^2)) / ((AI23 * 1E-30) * 9.1093837015E-31 * 8.8541878128E-12)) -> 4.0955337e+16 | AR23: =I23 * 350 -> 224.49942 | AS23: =299792458000000000 / AQ23 -> 7.3199852
A24: 24 | B24: Chromium | C24: Cr | D24: Transition Metals | E24: 52 | F24: =E24-A24 -> 28 | G24: =(A24 * 1.007276) + (F24 * 1.008665) + (L24 * 0.00054858) -> 52.43041 | H24: =(G24-(A24*'Atomic Particles'!C1))/'Atomic Particles'!C2+A24 -> 52.012998 | I24: =0.529177210544 * (M24^2 / (A24 - AG24)) -> 0.71752842 | J24: =(('Atomic Particles'!C1)*A24)+(('Atomic Particles'!C2)*Elements!F24) -> 52.417299 | K24: =(E24^(1/3))*Constants!B2 -> 4.6656389e-15 | L24: 24 | M24: 2 | N24: 2 | O24: 6 | P24: 2 | Q24: 6 | R24: 5 | S24: 1 | AF24: 4 | AG24: =IF(A24=1, 0, IF(A24=2, 0.3, IF(A24<=10, 0.35*(N24+O24-1)+0.85*M24, IF(A24<=18, 0.35*(P24+Q24-1)+0.85*(N24+O24)+M24, IF(A24<=36, 0.35*(S24+T24-1)+0.85*(P24+Q24+R24)+(M24+N24+O24), IF(A24<=54, 0.35*(W24+X24-1)+0.85*(S24+T24+U24)+(M24+N24+O24+P24+Q24+R24), IF(A24<=86, 0.35*(AA24+AB24-1)+0.85*(W24+X24+Y24+Z24)+(M24+N24+O24+P24+Q24+R24+S24+T24+U24+V24), IF(A24<=118, 0.35*(AD24+AE24-1)+0.85*(AA24+AB24+AC24)+(M24+N24+O24+P24+Q24+R24+S24+T24+U24+V24+W24+X24+Y24+Z24), 0)))))))) -> 21.05 | AH24: =(G24 * 1.6605E-24) / (AI24 * 1E-24) -> 56.262134 | AI24: =(4/3) * PI() * (I24^3) -> 1.5474119 | AJ24: =(A24*1.67262192369E-27 + F24*1.67492749804E-27 + L24*9.1093837015E-31) / 1.6605390666E-27 -> 52.430419 | AM24: =A24 - L24 -> 0 | AN24: =A24-AG24 -> 2.95 | AO24: =4 * PI() * 8.854187817E-12 * (I24 * 0.0000000001)^3 -> 4.1103227e-41 | AP24: =AO24 * 10^12 -> 4.1103227e-29 | AQ24: =(1 / (2 * 3.14159265358979)) * SQRT((A24 * (1.602176634E-19^2)) / ((AI24 * 1E-30) * 9.1093837015E-31 * 8.8541878128E-12)) -> 3.5360168e+16 | AR24: =I24 * 350 -> 251.13495 | AS24: =299792458000000000 / AQ24 -> 8.4782533
A25: 25 | B25: Manganese | C25: Mn | D25: Transition Metals | E25: 55 | F25: =E25-A25 -> 30 | G25: =(A25 * 1.007276) + (F25 * 1.008665) + (L25 * 0.00054858) -> 55.455565 | H25: =(G25-(A25*'Atomic Particles'!C1))/'Atomic Particles'!C2+A25 -> 55.013539 | I25: =0.529177210544 * (M25^2 / (A25 - AG25)) -> 0.58797468 | J25: =(('Atomic Particles'!C1)*A25)+(('Atomic Particles'!C2)*Elements!F25) -> 55.441908 | K25: =(E25^(1/3))*Constants!B2 -> 4.7536906e-15 | L25: 25 | M25: 2 | N25: 2 | O25: 6 | P25: 2 | Q25: 6 | R25: 5 | S25: 2 | AF25: 4 | AG25: =IF(A25=1, 0, IF(A25=2, 0.3, IF(A25<=10, 0.35*(N25+O25-1)+0.85*M25, IF(A25<=18, 0.35*(P25+Q25-1)+0.85*(N25+O25)+M25, IF(A25<=36, 0.35*(S25+T25-1)+0.85*(P25+Q25+R25)+(M25+N25+O25), IF(A25<=54, 0.35*(W25+X25-1)+0.85*(S25+T25+U25)+(M25+N25+O25+P25+Q25+R25), IF(A25<=86, 0.35*(AA25+AB25-1)+0.85*(W25+X25+Y25+Z25)+(M25+N25+O25+P25+Q25+R25+S25+T25+U25+V25), IF(A25<=118, 0.35*(AD25+AE25-1)+0.85*(AA25+AB25+AC25)+(M25+N25+O25+P25+Q25+R25+S25+T25+U25+V25+W25+X25+Y25+Z25), 0)))))))) -> 21.4 | AH25: =(G25 * 1.6605E-24) / (AI25 * 1E-24) -> 108.14826 | AI25: =(4/3) * PI() * (I25^3) -> 0.85146045 | AJ25: =(A25*1.67262192369E-27 + F25*1.67492749804E-27 + L25*9.1093837015E-31) / 1.6605390666E-27 -> 55.455574 | AM25: =A25 - L25 -> 0 | AN25: =A25-AG25 -> 3.6 | AO25: =4 * PI() * 8.854187817E-12 * (I25 * 0.0000000001)^3 -> 2.2616972e-41 | AP25: =AO25 * 10^12 -> 2.2616972e-29 | AQ25: =(1 / (2 * 3.14159265358979)) * SQRT((A25 * (1.602176634E-19^2)) / ((AI25 * 1E-30) * 9.1093837015E-31 * 8.8541878128E-12)) -> 4.8651858e+16 | AR25: =I25 * 350 -> 205.79114 | AS25: =299792458000000000 / AQ25 -> 6.1619941
A26: 26 | B26: Iron | C26: Fe | D26: Transition Metals | E26: 56 | F26: =E26-A26 -> 30 | G26: =(A26 * 1.007276) + (F26 * 1.008665) + (L26 * 0.00054858) -> 56.463389 | H26: =(G26-(A26*'Atomic Particles'!C1))/'Atomic Particles'!C2+A26 -> 56.014082 | I26: =0.529177210544 * (M26^2 / (A26 - AG26)) -> 0.56445569 | J26: =(('Atomic Particles'!C1)*A26)+(('Atomic Particles'!C2)*Elements!F26) -> 56.449185 | K26: =(E26^(1/3))*Constants!B2 -> 4.782328e-15 | L26: 26 | M26: 2 | N26: 2 | O26: 6 | P26: 2 | Q26: 6 | R26: 6 | S26: 2 | AF26: 4 | AG26: =IF(A26=1, 0, IF(A26=2, 0.3, IF(A26<=10, 0.35*(N26+O26-1)+0.85*M26, IF(A26<=18, 0.35*(P26+Q26-1)+0.85*(N26+O26)+M26, IF(A26<=36, 0.35*(S26+T26-1)+0.85*(P26+Q26+R26)+(M26+N26+O26), IF(A26<=54, 0.35*(W26+X26-1)+0.85*(S26+T26+U26)+(M26+N26+O26+P26+Q26+R26), IF(A26<=86, 0.35*(AA26+AB26-1)+0.85*(W26+X26+Y26+Z26)+(M26+N26+O26+P26+Q26+R26+S26+T26+U26+V26), IF(A26<=118, 0.35*(AD26+AE26-1)+0.85*(AA26+AB26+AC26)+(M26+N26+O26+P26+Q26+R26+S26+T26+U26+V26+W26+X26+Y26+Z26), 0)))))))) -> 22.25 | AH26: =(G26 * 1.6605E-24) / (AI26 * 1E-24) -> 124.45938 | AI26: =(4/3) * PI() * (I26^3) -> 0.75331771 | AJ26: =(A26*1.67262192369E-27 + F26*1.67492749804E-27 + L26*9.1093837015E-31) / 1.6605390666E-27 -> 56.463399 | AM26: =A26 - L26 -> 0 | AN26: =A26-AG26 -> 3.75 | AO26: =4 * PI() * 8.854187817E-12 * (I26 * 0.0000000001)^3 -> 2.0010049e-41 | AP26: =AO26 * 10^12 -> 2.0010049e-29 | AQ26: =(1 / (2 * 3.14159265358979)) * SQRT((A26 * (1.602176634E-19^2)) / ((AI26 * 1E-30) * 9.1093837015E-31 * 8.8541878128E-12)) -> 5.2748395e+16 | AR26: =I26 * 350 -> 197.55949 | AS26: =299792458000000000 / AQ26 -> 5.6834423
A27: 27 | B27: Cobalt | C27: Co | D27: Transition Metals | E27: 59 | F27: =E27-A27 -> 32 | G27: =(A27 * 1.007276) + (F27 * 1.008665) + (L27 * 0.00054858) -> 59.488544 | H27: =(G27-(A27*'Atomic Particles'!C1))/'Atomic Particles'!C2+A27 -> 59.014623 | I27: =0.529177210544 * (M27^2 / (A27 - AG27)) -> 0.54274586 | J27: =(('Atomic Particles'!C1)*A27)+(('Atomic Particles'!C2)*Elements!F27) -> 59.473794 | K27: =(E27^(1/3))*Constants!B2 -> 4.8662455e-15 | L27: 27 | M27: 2 | N27: 2 | O27: 6 | P27: 2 | Q27: 6 | R27: 7 | S27: 2 | AF27: 4 | AG27: =IF(A27=1, 0, IF(A27=2, 0.3, IF(A27<=10, 0.35*(N27+O27-1)+0.85*M27, IF(A27<=18, 0.35*(P27+Q27-1)+0.85*(N27+O27)+M27, IF(A27<=36, 0.35*(S27+T27-1)+0.85*(P27+Q27+R27)+(M27+N27+O27), IF(A27<=54, 0.35*(W27+X27-1)+0.85*(S27+T27+U27)+(M27+N27+O27+P27+Q27+R27), IF(A27<=86, 0.35*(AA27+AB27-1)+0.85*(W27+X27+Y27+Z27)+(M27+N27+O27+P27+Q27+R27+S27+T27+U27+V27), IF(A27<=118, 0.35*(AD27+AE27-1)+0.85*(AA27+AB27+AC27)+(M27+N27+O27+P27+Q27+R27+S27+T27+U27+V27+W27+X27+Y27+Z27), 0)))))))) -> 23.1 | AH27: =(G27 * 1.6605E-24) / (AI27 * 1E-24) -> 147.50069 | AI27: =(4/3) * PI() * (I27^3) -> 0.6696967 | AJ27: =(A27*1.67262192369E-27 + F27*1.67492749804E-27 + L27*9.1093837015E-31) / 1.6605390666E-27 -> 59.488554 | AM27: =A27 - L27 -> 0 | AN27: =A27-AG27 -> 3.9 | AO27: =4 * PI() * 8.854187817E-12 * (I27 * 0.0000000001)^3 -> 1.7788861e-41 | AP27: =AO27 * 10^12 -> 1.7788861e-29 | AQ27: =(1 / (2 * 3.14159265358979)) * SQRT((A27 * (1.602176634E-19^2)) / ((AI27 * 1E-30) * 9.1093837015E-31 * 8.8541878128E-12)) -> 5.7010449e+16 | AR27: =I27 * 350 -> 189.96105 | AS27: =299792458000000000 / AQ27 -> 5.2585528
A28: 28 | B28: Nickel | C28: Ni | D28: Transition Metals | E28: 60 | F28: =E28-A28 -> 32 | G28: =(A28 * 1.007276) + (F28 * 1.008665) + (L28 * 0.00054858) -> 60.496368 | H28: =(G28-(A28*'Atomic Particles'!C1))/'Atomic Particles'!C2+A28 -> 60.015165 | I28: =0.529177210544 * (M28^2 / (A28 - AG28)) -> 0.52264416 | J28: =(('Atomic Particles'!C1)*A28)+(('Atomic Particles'!C2)*Elements!F28) -> 60.481071 | K28: =(E28^(1/3))*Constants!B2 -> 4.8935846e-15 | L28: 28 | M28: 2 | N28: 2 | O28: 6 | P28: 2 | Q28: 6 | R28: 8 | S28: 2 | AF28: 4 | AG28: =IF(A28=1, 0, IF(A28=2, 0.3, IF(A28<=10, 0.35*(N28+O28-1)+0.85*M28, IF(A28<=18, 0.35*(P28+Q28-1)+0.85*(N28+O28)+M28, IF(A28<=36, 0.35*(S28+T28-1)+0.85*(P28+Q28+R28)+(M28+N28+O28), IF(A28<=54, 0.35*(W28+X28-1)+0.85*(S28+T28+U28)+(M28+N28+O28+P28+Q28+R28), IF(A28<=86, 0.35*(AA28+AB28-1)+0.85*(W28+X28+Y28+Z28)+(M28+N28+O28+P28+Q28+R28+S28+T28+U28+V28), IF(A28<=118, 0.35*(AD28+AE28-1)+0.85*(AA28+AB28+AC28)+(M28+N28+O28+P28+Q28+R28+S28+T28+U28+V28+W28+X28+Y28+Z28), 0)))))))) -> 23.95 | AH28: =(G28 * 1.6605E-24) / (AI28 * 1E-24) -> 167.98143 | AI28: =(4/3) * PI() * (I28^3) -> 0.59800789 | AJ28: =(A28*1.67262192369E-27 + F28*1.67492749804E-27 + L28*9.1093837015E-31) / 1.6605390666E-27 -> 60.496379 | AM28: =A28 - L28 -> 0 | AN28: =A28-AG28 -> 4.05 | AO28: =4 * PI() * 8.854187817E-12 * (I28 * 0.0000000001)^3 -> 1.5884622e-41 | AP28: =AO28 * 10^12 -> 1.5884622e-29 | AQ28: =(1 / (2 * 3.14159265358979)) * SQRT((A28 * (1.602176634E-19^2)) / ((AI28 * 1E-30) * 9.1093837015E-31 * 8.8541878128E-12)) -> 6.1438022e+16 | AR28: =I28 * 350 -> 182.92546 | AS28: =299792458000000000 / AQ28 -> 4.8795917
A29: 29 | B29: Copper | C29: Cu | D29: Transition Metals | E29: 63 | F29: =E29-A29 -> 34 | G29: =(A29 * 1.007276) + (F29 * 1.008665) + (L29 * 0.00054858) -> 63.521523 | H29: =(G29-(A29*'Atomic Particles'!C1))/'Atomic Particles'!C2+A29 -> 63.015706 | I29: =0.529177210544 * (M29^2 / (A29 - AG29)) -> 0.57208347 | J29: =(('Atomic Particles'!C1)*A29)+(('Atomic Particles'!C2)*Elements!F29) -> 63.50568 | K29: =(E29^(1/3))*Constants!B2 -> 4.9738215e-15 | L29: 29 | M29: 2 | N29: 2 | O29: 6 | P29: 2 | Q29: 6 | R29: 10 | S29: 1 | AF29: 4 | AG29: =IF(A29=1, 0, IF(A29=2, 0.3, IF(A29<=10, 0.35*(N29+O29-1)+0.85*M29, IF(A29<=18, 0.35*(P29+Q29-1)+0.85*(N29+O29)+M29, IF(A29<=36, 0.35*(S29+T29-1)+0.85*(P29+Q29+R29)+(M29+N29+O29), IF(A29<=54, 0.35*(W29+X29-1)+0.85*(S29+T29+U29)+(M29+N29+O29+P29+Q29+R29), IF(A29<=86, 0.35*(AA29+AB29-1)+0.85*(W29+X29+Y29+Z29)+(M29+N29+O29+P29+Q29+R29+S29+T29+U29+V29), IF(A29<=118, 0.35*(AD29+AE29-1)+0.85*(AA29+AB29+AC29)+(M29+N29+O29+P29+Q29+R29+S29+T29+U29+V29+W29+X29+Y29+Z29), 0)))))))) -> 25.3 | AH29: =(G29 * 1.6605E-24) / (AI29 * 1E-24) -> 134.49092 | AI29: =(4/3) * PI() * (I29^3) -> 0.78427218 | AJ29: =(A29*1.67262192369E-27 + F29*1.67492749804E-27 + L29*9.1093837015E-31) / 1.6605390666E-27 -> 63.521533 | AM29: =A29 - L29 -> 0 | AN29: =A29-AG29 -> 3.7 | AO29: =4 * PI() * 8.854187817E-12 * (I29 * 0.0000000001)^3 -> 2.083228e-41 | AP29: =AO29 * 10^12 -> 2.083228e-29 | AQ29: =(1 / (2 * 3.14159265358979)) * SQRT((A29 * (1.602176634E-19^2)) / ((AI29 * 1E-30) * 9.1093837015E-31 * 8.8541878128E-12)) -> 5.4598066e+16 | AR29: =I29 * 350 -> 200.22921 | AS29: =299792458000000000 / AQ29 -> 5.4908989
A30: 30 | B30: Zinc | C30: Zn | D30: Transition Metals | E30: 64 | F30: =E30-A30 -> 34 | G30: =(A30 * 1.007276) + (F30 * 1.008665) + (L30 * 0.00054858) -> 64.529347 | H30: =(G30-(A30*'Atomic Particles'!C1))/'Atomic Particles'!C2+A30 -> 64.016249 | I30: =0.529177210544 * (M30^2 / (A30 - AG30)) -> 0.48659973 | J30: =(('Atomic Particles'!C1)*A30)+(('Atomic Particles'!C2)*Elements!F30) -> 64.512958 | K30: =(E30^(1/3))*Constants!B2 -> 5e-15 | L30: 30 | M30: 2 | N30: 2 | O30: 6 | P30: 2 | Q30: 6 | R30: 10 | S30: 2 | AF30: 4 | AG30: =IF(A30=1, 0, IF(A30=2, 0.3, IF(A30<=10, 0.35*(N30+O30-1)+0.85*M30, IF(A30<=18, 0.35*(P30+Q30-1)+0.85*(N30+O30)+M30, IF(A30<=36, 0.35*(S30+T30-1)+0.85*(P30+Q30+R30)+(M30+N30+O30), IF(A30<=54, 0.35*(W30+X30-1)+0.85*(S30+T30+U30)+(M30+N30+O30+P30+Q30+R30), IF(A30<=86, 0.35*(AA30+AB30-1)+0.85*(W30+X30+Y30+Z30)+(M30+N30+O30+P30+Q30+R30+S30+T30+U30+V30), IF(A30<=118, 0.35*(AD30+AE30-1)+0.85*(AA30+AB30+AC30)+(M30+N30+O30+P30+Q30+R30+S30+T30+U30+V30+W30+X30+Y30+Z30), 0)))))))) -> 25.65 | AH30: =(G30 * 1.6605E-24) / (AI30 * 1E-24) -> 222.01992 | AI30: =(4/3) * PI() * (I30^3) -> 0.48261877 | AJ30: =(A30*1.67262192369E-27 + F30*1.67492749804E-27 + L30*9.1093837015E-31) / 1.6605390666E-27 -> 64.529359 | AM30: =A30 - L30 -> 0 | AN30: =A30-AG30 -> 4.35 | AO30: =4 * PI() * 8.854187817E-12 * (I30 * 0.0000000001)^3 -> 1.2819592e-41 | AP30: =AO30 * 10^12 -> 1.2819592e-29 | AQ30: =(1 / (2 * 3.14159265358979)) * SQRT((A30 * (1.602176634E-19^2)) / ((AI30 * 1E-30) * 9.1093837015E-31 * 8.8541878128E-12)) -> 7.0789718e+16 | AR30: =I30 * 350 -> 170.30991 | AS30: =299792458000000000 / AQ30 -> 4.2349718
A31: 31 | B31: Gallium | C31: Ga | D31: Post-transitional Metals | E31: 71 | F31: =E31-A31 -> 40 | G31: =(A31 * 1.007276) + (F31 * 1.008665) + (L31 * 0.00054858) -> 71.589162 | H31: =(G31-(A31*'Atomic Particles'!C1))/'Atomic Particles'!C2+A31 -> 71.016786 | I31: =0.529177210544 * (M31^2 / (A31 - AG31)) -> 0.42334177 | J31: =(('Atomic Particles'!C1)*A31)+(('Atomic Particles'!C2)*Elements!F31) -> 71.57223 | K31: =(E31^(1/3))*Constants!B2 -> 5.1760222e-15 | L31: 31 | M31: 2 | N31: 2 | O31: 6 | P31: 2 | Q31: 6 | R31: 10 | S31: 2 | T31: 1 | AF31: 4 | AG31: =IF(A31=1, 0, IF(A31=2, 0.3, IF(A31<=10, 0.35*(N31+O31-1)+0.85*M31, IF(A31<=18, 0.35*(P31+Q31-1)+0.85*(N31+O31)+M31, IF(A31<=36, 0.35*(S31+T31-1)+0.85*(P31+Q31+R31)+(M31+N31+O31), IF(A31<=54, 0.35*(W31+X31-1)+0.85*(S31+T31+U31)+(M31+N31+O31+P31+Q31+R31), IF(A31<=86, 0.35*(AA31+AB31-1)+0.85*(W31+X31+Y31+Z31)+(M31+N31+O31+P31+Q31+R31+S31+T31+U31+V31), IF(A31<=118, 0.35*(AD31+AE31-1)+0.85*(AA31+AB31+AC31)+(M31+N31+O31+P31+Q31+R31+S31+T31+U31+V31+W31+X31+Y31+Z31), 0)))))))) -> 26 | AH31: =(G31 * 1.6605E-24) / (AI31 * 1E-24) -> 374.04529 | AI31: =(4/3) * PI() * (I31^3) -> 0.31780591 | AJ31: =(A31*1.67262192369E-27 + F31*1.67492749804E-27 + L31*9.1093837015E-31) / 1.6605390666E-27 -> 71.589173 | AM31: =A31 - L31 -> 0 | AN31: =A31-AG31 -> 5 | AO31: =4 * PI() * 8.854187817E-12 * (I31 * 0.0000000001)^3 -> 8.4417396e-42 | AP31: =AO31 * 10^12 -> 8.4417396e-30 | AQ31: =(1 / (2 * 3.14159265358979)) * SQRT((A31 * (1.602176634E-19^2)) / ((AI31 * 1E-30) * 9.1093837015E-31 * 8.8541878128E-12)) -> 8.8677109e+16 | AR31: =I31 * 350 -> 148.16962 | AS31: =299792458000000000 / AQ31 -> 3.3807198
A32: 32 | B32: Germanium | C32: ge | D32: Metalloid | E32: 70 | F32: =E32-A32 -> 38 | G32: =(A32 * 1.007276) + (F32 * 1.008665) + (L32 * 0.00054858) -> 70.579657 | H32: =(G32-(A32*'Atomic Particles'!C1))/'Atomic Particles'!C2+A32 -> 70.017331 | I32: =0.529177210544 * (M32^2 / (A32 - AG32)) -> 0.37463873 | J32: =(('Atomic Particles'!C1)*A32)+(('Atomic Particles'!C2)*Elements!F32) -> 70.562176 | K32: =(E32^(1/3))*Constants!B2 -> 5.1516066e-15 | L32: 32 | M32: 2 | N32: 2 | O32: 6 | P32: 2 | Q32: 6 | R32: 10 | S32: 2 | T32: 2 | AF32: 4 | AG32: =IF(A32=1, 0, IF(A32=2, 0.3, IF(A32<=10, 0.35*(N32+O32-1)+0.85*M32, IF(A32<=18, 0.35*(P32+Q32-1)+0.85*(N32+O32)+M32, IF(A32<=36, 0.35*(S32+T32-1)+0.85*(P32+Q32+R32)+(M32+N32+O32), IF(A32<=54, 0.35*(W32+X32-1)+0.85*(S32+T32+U32)+(M32+N32+O32+P32+Q32+R32), IF(A32<=86, 0.35*(AA32+AB32-1)+0.85*(W32+X32+Y32+Z32)+(M32+N32+O32+P32+Q32+R32+S32+T32+U32+V32), IF(A32<=118, 0.35*(AD32+AE32-1)+0.85*(AA32+AB32+AC32)+(M32+N32+O32+P32+Q32+R32+S32+T32+U32+V32+W32+X32+Y32+Z32), 0)))))))) -> 26.35 | AH32: =(G32 * 1.6605E-24) / (AI32 * 1E-24) -> 532.09819 | AI32: =(4/3) * PI() * (I32^3) -> 0.22025544 | AJ32: =(A32*1.67262192369E-27 + F32*1.67492749804E-27 + L32*9.1093837015E-31) / 1.6605390666E-27 -> 70.579668 | AM32: =A32 - L32 -> 0 | AN32: =A32-AG32 -> 5.65 | AO32: =4 * PI() * 8.854187817E-12 * (I32 * 0.0000000001)^3 -> 5.850549e-42 | AP32: =AO32 * 10^12 -> 5.850549e-30 | AQ32: =(1 / (2 * 3.14159265358979)) * SQRT((A32 * (1.602176634E-19^2)) / ((AI32 * 1E-30) * 9.1093837015E-31 * 8.8541878128E-12)) -> 1.0822394e+17 | AR32: =I32 * 350 -> 131.12356 | AS32: =299792458000000000 / AQ32 -> 2.7701123
A33: 33 | B33: Arsenic | C33: As | D33: Metalloid | E33: 75 | F33: =E33-A33 -> 42 | G33: =(A33 * 1.007276) + (F33 * 1.008665) + (L33 * 0.00054858) -> 75.622141 | H33: =(G33-(A33*'Atomic Particles'!C1))/'Atomic Particles'!C2+A33 -> 75.01787 | I33: =0.529177210544 * (M33^2 / (A33 - AG33)) -> 0.33598553 | J33: =(('Atomic Particles'!C1)*A33)+(('Atomic Particles'!C2)*Elements!F33) -> 75.604117 | K33: =(E33^(1/3))*Constants!B2 -> 5.2714542e-15 | L33: 33 | M33: 2 | N33: 2 | O33: 6 | P33: 2 | Q33: 6 | R33: 10 | S33: 2 | T33: 3 | AF33: 4 | AG33: =IF(A33=1, 0, IF(A33=2, 0.3, IF(A33<=10, 0.35*(N33+O33-1)+0.85*M33, IF(A33<=18, 0.35*(P33+Q33-1)+0.85*(N33+O33)+M33, IF(A33<=36, 0.35*(S33+T33-1)+0.85*(P33+Q33+R33)+(M33+N33+O33), IF(A33<=54, 0.35*(W33+X33-1)+0.85*(S33+T33+U33)+(M33+N33+O33+P33+Q33+R33), IF(A33<=86, 0.35*(AA33+AB33-1)+0.85*(W33+X33+Y33+Z33)+(M33+N33+O33+P33+Q33+R33+S33+T33+U33+V33), IF(A33<=118, 0.35*(AD33+AE33-1)+0.85*(AA33+AB33+AC33)+(M33+N33+O33+P33+Q33+R33+S33+T33+U33+V33+W33+X33+Y33+Z33), 0)))))))) -> 26.7 | AH33: =(G33 * 1.6605E-24) / (AI33 * 1E-24) -> 790.38287 | AI33: =(4/3) * PI() * (I33^3) -> 0.15887309 | AJ33: =(A33*1.67262192369E-27 + F33*1.67492749804E-27 + L33*9.1093837015E-31) / 1.6605390666E-27 -> 75.622153 | AM33: =A33 - L33 -> 0 | AN33: =A33-AG33 -> 6.3 | AO33: =4 * PI() * 8.854187817E-12 * (I33 * 0.0000000001)^3 -> 4.2200764e-42 | AP33: =AO33 * 10^12 -> 4.2200764e-30 | AQ33: =(1 / (2 * 3.14159265358979)) * SQRT((A33 * (1.602176634E-19^2)) / ((AI33 * 1E-30) * 9.1093837015E-31 * 8.8541878128E-12)) -> 1.2940274e+17 | AR33: =I33 * 350 -> 117.59494 | AS33: =299792458000000000 / AQ33 -> 2.3167397
A34: 34 | B34: Selenium | C34: Se | D34: Nonmetal | E34: 77 | F34: =E34-A34 -> 43 | G34: =(A34 * 1.007276) + (F34 * 1.008665) + (L34 * 0.00054858) -> 77.638631 | H34: =(G34-(A34*'Atomic Particles'!C1))/'Atomic Particles'!C2+A34 -> 77.018411 | I34: =0.529177210544 * (M34^2 / (A34 - AG34)) -> 0.30456242 | J34: =(('Atomic Particles'!C1)*A34)+(('Atomic Particles'!C2)*Elements!F34) -> 77.62006 | K34: =(E34^(1/3))*Constants!B2 -> 5.3179011e-15 | L34: 34 | M34: 2 | N34: 2 | O34: 6 | P34: 2 | Q34: 6 | R34: 10 | S34: 2 | T34: 4 | AF34: 4 | AG34: =IF(A34=1, 0, IF(A34=2, 0.3, IF(A34<=10, 0.35*(N34+O34-1)+0.85*M34, IF(A34<=18, 0.35*(P34+Q34-1)+0.85*(N34+O34)+M34, IF(A34<=36, 0.35*(S34+T34-1)+0.85*(P34+Q34+R34)+(M34+N34+O34), IF(A34<=54, 0.35*(W34+X34-1)+0.85*(S34+T34+U34)+(M34+N34+O34+P34+Q34+R34), IF(A34<=86, 0.35*(AA34+AB34-1)+0.85*(W34+X34+Y34+Z34)+(M34+N34+O34+P34+Q34+R34+S34+T34+U34+V34), IF(A34<=118, 0.35*(AD34+AE34-1)+0.85*(AA34+AB34+AC34)+(M34+N34+O34+P34+Q34+R34+S34+T34+U34+V34+W34+X34+Y34+Z34), 0)))))))) -> 27.05 | AH34: =(G34 * 1.6605E-24) / (AI34 * 1E-24) -> 1089.4296 | AI34: =(4/3) * PI() * (I34^3) -> 0.11833619 | AJ34: =(A34*1.67262192369E-27 + F34*1.67492749804E-27 + L34*9.1093837015E-31) / 1.6605390666E-27 -> 77.638643 | AM34: =A34 - L34 -> 0 | AN34: =A34-AG34 -> 6.95 | AO34: =4 * PI() * 8.854187817E-12 * (I34 * 0.0000000001)^3 -> 3.1433124e-42 | AP34: =AO34 * 10^12 -> 3.1433124e-30 | AQ34: =(1 / (2 * 3.14159265358979)) * SQRT((A34 * (1.602176634E-19^2)) / ((AI34 * 1E-30) * 9.1093837015E-31 * 8.8541878128E-12)) -> 1.5219218e+17 | AR34: =I34 * 350 -> 106.59685 | AS34: =299792458000000000 / AQ34 -> 1.9698283
A35: 35 | B35: Bromine | C35: Br | D35: Halogen | E35: 81 | F35: =E35-A35 -> 46 | G35: =(A35 * 1.007276) + (F35 * 1.008665) + (L35 * 0.00054858) -> 81.67245 | H35: =(G35-(A35*'Atomic Particles'!C1))/'Atomic Particles'!C2+A35 -> 81.018951 | I35: =0.529177210544 * (M35^2 / (A35 - AG35)) -> 0.27851432 | J35: =(('Atomic Particles'!C1)*A35)+(('Atomic Particles'!C2)*Elements!F35) -> 81.653335 | K35: =(E35^(1/3))*Constants!B2 -> 5.4084359e-15 | L35: 35 | M35: 2 | N35: 2 | O35: 6 | P35: 2 | Q35: 6 | R35: 10 | S35: 2 | T35: 5 | AF35: 4 | AG35: =IF(A35=1, 0, IF(A35=2, 0.3, IF(A35<=10, 0.35*(N35+O35-1)+0.85*M35, IF(A35<=18, 0.35*(P35+Q35-1)+0.85*(N35+O35)+M35, IF(A35<=36, 0.35*(S35+T35-1)+0.85*(P35+Q35+R35)+(M35+N35+O35), IF(A35<=54, 0.35*(W35+X35-1)+0.85*(S35+T35+U35)+(M35+N35+O35+P35+Q35+R35), IF(A35<=86, 0.35*(AA35+AB35-1)+0.85*(W35+X35+Y35+Z35)+(M35+N35+O35+P35+Q35+R35+S35+T35+U35+V35), IF(A35<=118, 0.35*(AD35+AE35-1)+0.85*(AA35+AB35+AC35)+(M35+N35+O35+P35+Q35+R35+S35+T35+U35+V35+W35+X35+Y35+Z35), 0)))))))) -> 27.4 | AH35: =(G35 * 1.6605E-24) / (AI35 * 1E-24) -> 1498.5915 | AI35: =(4/3) * PI() * (I35^3) -> 0.090496379 | AJ35: =(A35*1.67262192369E-27 + F35*1.67492749804E-27 + L35*9.1093837015E-31) / 1.6605390666E-27 -> 81.672463 | AM35: =A35 - L35 -> 0 | AN35: =A35-AG35 -> 7.6 | AO35: =4 * PI() * 8.854187817E-12 * (I35 * 0.0000000001)^3 -> 2.4038158e-42 | AP35: =AO35 * 10^12 -> 2.4038158e-30 | AQ35: =(1 / (2 * 3.14159265358979)) * SQRT((A35 * (1.602176634E-19^2)) / ((AI35 * 1E-30) * 9.1093837015E-31 * 8.8541878128E-12)) -> 1.7657535e+17 | AR35: =I35 * 350 -> 97.480012 | AS35: =299792458000000000 / AQ35 -> 1.697816
A36: 36 | B36: Krypton | C36: Kr | D36: Noble Gas | E36: 83 | F36: =E36-A36 -> 47 | G36: =(A36 * 1.007276) + (F36 * 1.008665) + (L36 * 0.00054858) -> 83.68894 | H36: =(G36-(A36*'Atomic Particles'!C1))/'Atomic Particles'!C2+A36 -> 83.019493 | I36: =0.529177210544 * (M36^2 / (A36 - AG36)) -> 0.25657077 | J36: =(('Atomic Particles'!C1)*A36)+(('Atomic Particles'!C2)*Elements!F36) -> 83.669278 | K36: =(E36^(1/3))*Constants!B2 -> 5.4525883e-15 | L36: 36 | M36: 2 | N36: 2 | O36: 6 | P36: 2 | Q36: 6 | R36: 10 | S36: 2 | T36: 6 | AF36: 4 | AG36: =IF(A36=1, 0, IF(A36=2, 0.3, IF(A36<=10, 0.35*(N36+O36-1)+0.85*M36, IF(A36<=18, 0.35*(P36+Q36-1)+0.85*(N36+O36)+M36, IF(A36<=36, 0.35*(S36+T36-1)+0.85*(P36+Q36+R36)+(M36+N36+O36), IF(A36<=54, 0.35*(W36+X36-1)+0.85*(S36+T36+U36)+(M36+N36+O36+P36+Q36+R36), IF(A36<=86, 0.35*(AA36+AB36-1)+0.85*(W36+X36+Y36+Z36)+(M36+N36+O36+P36+Q36+R36+S36+T36+U36+V36), IF(A36<=118, 0.35*(AD36+AE36-1)+0.85*(AA36+AB36+AC36)+(M36+N36+O36+P36+Q36+R36+S36+T36+U36+V36+W36+X36+Y36+Z36), 0)))))))) -> 27.75 | AH36: =(G36 * 1.6605E-24) / (AI36 * 1E-24) -> 1964.2502 | AI36: =(4/3) * PI() * (I36^3) -> 0.070747343 | AJ36: =(A36*1.67262192369E-27 + F36*1.67492749804E-27 + L36*9.1093837015E-31) / 1.6605390666E-27 -> 83.688953 | AM36: =A36 - L36 -> 0 | AN36: =A36-AG36 -> 8.25 | AO36: =4 * PI() * 8.854187817E-12 * (I36 * 0.0000000001)^3 -> 1.8792308e-42 | AP36: =AO36 * 10^12 -> 1.8792308e-30 | AQ36: =(1 / (2 * 3.14159265358979)) * SQRT((A36 * (1.602176634E-19^2)) / ((AI36 * 1E-30) * 9.1093837015E-31 * 8.8541878128E-12)) -> 2.0253862e+17 | AR36: =I36 * 350 -> 89.799769 | AS36: =299792458000000000 / AQ36 -> 1.4801743
A37: 37 | B37: Rubidium | C37: Rb | D37: Alkali Metal | E37: 85 | F37: =E37-A37 -> 48 | G37: =(A37 * 1.007276) + (F37 * 1.008665) + (L37 * 0.00054858) -> 85.705429 | H37: =(G37-(A37*'Atomic Particles'!C1))/'Atomic Particles'!C2+A37 -> 85.020035 | I37: =0.529177210544 * (M37^2 / (A37 - AG37)) -> 0.96214038 | J37: =(('Atomic Particles'!C1)*A37)+(('Atomic Particles'!C2)*Elements!F37) -> 85.685221 | K37: =(E37^(1/3))*Constants!B2 -> 5.4960371e-15 | L37: 37 | M37: 2 | N37: 2 | O37: 6 | P37: 2 | Q37: 6 | R37: 10 | S37: 2 | T37: 6 | W37: 1 | AF37: 5 | AG37: =IF(A37=1, 0, IF(A37=2, 0.3, IF(A37<=10, 0.35*(N37+O37-1)+0.85*M37, IF(A37<=18, 0.35*(P37+Q37-1)+0.85*(N37+O37)+M37, IF(A37<=36, 0.35*(S37+T37-1)+0.85*(P37+Q37+R37)+(M37+N37+O37), IF(A37<=54, 0.35*(W37+X37-1)+0.85*(S37+T37+U37)+(M37+N37+O37+P37+Q37+R37), IF(A37<=86, 0.35*(AA37+AB37-1)+0.85*(W37+X37+Y37+Z37)+(M37+N37+O37+P37+Q37+R37+S37+T37+U37+V37), IF(A37<=118, 0.35*(AD37+AE37-1)+0.85*(AA37+AB37+AC37)+(M37+N37+O37+P37+Q37+R37+S37+T37+U37+V37+W37+X37+Y37+Z37), 0)))))))) -> 34.8 | AH37: =(G37 * 1.6605E-24) / (AI37 * 1E-24) -> 38.145497 | AI37: =(4/3) * PI() * (I37^3) -> 3.7308169 | AJ37: =(A37*1.67262192369E-27 + F37*1.67492749804E-27 + L37*9.1093837015E-31) / 1.6605390666E-27 -> 85.705443 | AM37: =A37 - L37 -> 0 | AN37: =A37-AG37 -> 2.2 | AO37: =4 * PI() * 8.854187817E-12 * (I37 * 0.0000000001)^3 -> 9.9100061e-41 | AP37: =AO37 * 10^12 -> 9.9100061e-29 | AQ37: =(1 / (2 * 3.14159265358979)) * SQRT((A37 * (1.602176634E-19^2)) / ((AI37 * 1E-30) * 9.1093837015E-31 * 8.8541878128E-12)) -> 2.8275517e+16 | AR37: =I37 * 350 -> 336.74913 | AS37: =299792458000000000 / AQ37 -> 10.602546
A38: 38 | B38: Strontium | C38: Sr | D38: Alkali Earth Metal | E38: 88 | F38: =E38-A38 -> 50 | G38: =(A38 * 1.007276) + (F38 * 1.008665) + (L38 * 0.00054858) -> 88.730584 | H38: =(G38-(A38*'Atomic Particles'!C1))/'Atomic Particles'!C2+A38 -> 88.020576 | I38: =0.529177210544 * (M38^2 / (A38 - AG38)) -> 0.74270486 | J38: =(('Atomic Particles'!C1)*A38)+(('Atomic Particles'!C2)*Elements!F38) -> 88.70983 | K38: =(E38^(1/3))*Constants!B2 -> 5.5599502e-15 | L38: 38 | M38: 2 | N38: 2 | O38: 6 | P38: 2 | Q38: 6 | R38: 10 | S38: 2 | T38: 6 | W38: 2 | AF38: 5 | AG38: =IF(A38=1, 0, IF(A38=2, 0.3, IF(A38<=10, 0.35*(N38+O38-1)+0.85*M38, IF(A38<=18, 0.35*(P38+Q38-1)+0.85*(N38+O38)+M38, IF(A38<=36, 0.35*(S38+T38-1)+0.85*(P38+Q38+R38)+(M38+N38+O38), IF(A38<=54, 0.35*(W38+X38-1)+0.85*(S38+T38+U38)+(M38+N38+O38+P38+Q38+R38), IF(A38<=86, 0.35*(AA38+AB38-1)+0.85*(W38+X38+Y38+Z38)+(M38+N38+O38+P38+Q38+R38+S38+T38+U38+V38), IF(A38<=118, 0.35*(AD38+AE38-1)+0.85*(AA38+AB38+AC38)+(M38+N38+O38+P38+Q38+R38+S38+T38+U38+V38+W38+X38+Y38+Z38), 0)))))))) -> 35.15 | AH38: =(G38 * 1.6605E-24) / (AI38 * 1E-24) -> 85.856824 | AI38: =(4/3) * PI() * (I38^3) -> 1.7160795 | AJ38: =(A38*1.67262192369E-27 + F38*1.67492749804E-27 + L38*9.1093837015E-31) / 1.6605390666E-27 -> 88.730598 | AM38: =A38 - L38 -> 0 | AN38: =A38-AG38 -> 2.85 | AO38: =4 * PI() * 8.854187817E-12 * (I38 * 0.0000000001)^3 -> 4.558347e-41 | AP38: =AO38 * 10^12 -> 4.558347e-29 | AQ38: =(1 / (2 * 3.14159265358979)) * SQRT((A38 * (1.602176634E-19^2)) / ((AI38 * 1E-30) * 9.1093837015E-31 * 8.8541878128E-12)) -> 4.2250783e+16 | AR38: =I38 * 350 -> 259.9467 | AS38: =299792458000000000 / AQ38 -> 7.095548
A39: 39 | B39: Yttrium | C39: Y | D39: Transition Metals | E39: 89 | F39: =E39-A39 -> 50 | G39: =(A39 * 1.007276) + (F39 * 1.008665) + (L39 * 0.00054858) -> 89.738409 | H39: =(G39-(A39*'Atomic Particles'!C1))/'Atomic Particles'!C2+A39 -> 89.021118 | I39: =0.529177210544 * (M39^2 / (A39 - AG39)) -> 0.70556961 | J39: =(('Atomic Particles'!C1)*A39)+(('Atomic Particles'!C2)*Elements!F39) -> 89.717107 | K39: =(E39^(1/3))*Constants!B2 -> 5.5809314e-15 | L39: 39 | M39: 2 | N39: 2 | O39: 6 | P39: 2 | Q39: 6 | R39: 10 | S39: 2 | T39: 6 | U39: 1 | W39: 2 | AF39: 5 | AG39: =IF(A39=1, 0, IF(A39=2, 0.3, IF(A39<=10, 0.35*(N39+O39-1)+0.85*M39, IF(A39<=18, 0.35*(P39+Q39-1)+0.85*(N39+O39)+M39, IF(A39<=36, 0.35*(S39+T39-1)+0.85*(P39+Q39+R39)+(M39+N39+O39), IF(A39<=54, 0.35*(W39+X39-1)+0.85*(S39+T39+U39)+(M39+N39+O39+P39+Q39+R39), IF(A39<=86, 0.35*(AA39+AB39-1)+0.85*(W39+X39+Y39+Z39)+(M39+N39+O39+P39+Q39+R39+S39+T39+U39+V39), IF(A39<=118, 0.35*(AD39+AE39-1)+0.85*(AA39+AB39+AC39)+(M39+N39+O39+P39+Q39+R39+S39+T39+U39+V39+W39+X39+Y39+Z39), 0)))))))) -> 36 | AH39: =(G39 * 1.6605E-24) / (AI39 * 1E-24) -> 101.27658 | AI39: =(4/3) * PI() * (I39^3) -> 1.4713237 | AJ39: =(A39*1.67262192369E-27 + F39*1.67492749804E-27 + L39*9.1093837015E-31) / 1.6605390666E-27 -> 89.738423 | AM39: =A39 - L39 -> 0 | AN39: =A39-AG39 -> 3 | AO39: =4 * PI() * 8.854187817E-12 * (I39 * 0.0000000001)^3 -> 3.9082128e-41 | AP39: =AO39 * 10^12 -> 3.9082128e-29 | AQ39: =(1 / (2 * 3.14159265358979)) * SQRT((A39 * (1.602176634E-19^2)) / ((AI39 * 1E-30) * 9.1093837015E-31 * 8.8541878128E-12)) -> 4.6226377e+16 | AR39: =I39 * 350 -> 246.94936 | AS39: =299792458000000000 / AQ39 -> 6.4853116
A40: 40 | B40: Zirconium | C40: Zr | D40: Transition Metals | E40: 88 | F40: =E40-A40 -> 48 | G40: =(A40 * 1.007276) + (F40 * 1.008665) + (L40 * 0.00054858) -> 88.728903 | H40: =(G40-(A40*'Atomic Particles'!C1))/'Atomic Particles'!C2+A40 -> 88.021663 | I40: =0.529177210544 * (M40^2 / (A40 - AG40)) -> 0.67197106 | J40: =(('Atomic Particles'!C1)*A40)+(('Atomic Particles'!C2)*Elements!F40) -> 88.707053 | K40: =(E40^(1/3))*Constants!B2 -> 5.5599502e-15 | L40: 40 | M40: 2 | N40: 2 | O40: 6 | P40: 2 | Q40: 6 | R40: 10 | S40: 2 | T40: 6 | U40: 2 | W40: 2 | AF40: 5 | AG40: =IF(A40=1, 0, IF(A40=2, 0.3, IF(A40<=10, 0.35*(N40+O40-1)+0.85*M40, IF(A40<=18, 0.35*(P40+Q40-1)+0.85*(N40+O40)+M40, IF(A40<=36, 0.35*(S40+T40-1)+0.85*(P40+Q40+R40)+(M40+N40+O40), IF(A40<=54, 0.35*(W40+X40-1)+0.85*(S40+T40+U40)+(M40+N40+O40+P40+Q40+R40), IF(A40<=86, 0.35*(AA40+AB40-1)+0.85*(W40+X40+Y40+Z40)+(M40+N40+O40+P40+Q40+R40+S40+T40+U40+V40), IF(A40<=118, 0.35*(AD40+AE40-1)+0.85*(AA40+AB40+AC40)+(M40+N40+O40+P40+Q40+R40+S40+T40+U40+V40+W40+X40+Y40+Z40), 0)))))))) -> 36.85 | AH40: =(G40 * 1.6605E-24) / (AI40 * 1E-24) -> 115.92141 | AI40: =(4/3) * PI() * (I40^3) -> 1.2709847 | AJ40: =(A40*1.67262192369E-27 + F40*1.67492749804E-27 + L40*9.1093837015E-31) / 1.6605390666E-27 -> 88.728918 | AM40: =A40 - L40 -> 0 | AN40: =A40-AG40 -> 3.15 | AO40: =4 * PI() * 8.854187817E-12 * (I40 * 0.0000000001)^3 -> 3.3760612e-41 | AP40: =AO40 * 10^12 -> 3.3760612e-29 | AQ40: =(1 / (2 * 3.14159265358979)) * SQRT((A40 * (1.602176634E-19^2)) / ((AI40 * 1E-30) * 9.1093837015E-31 * 8.8541878128E-12)) -> 5.0369948e+16 | AR40: =I40 * 350 -> 235.18987 | AS40: =299792458000000000 / AQ40 -> 5.951812
A41: 41 | B41: Niobium | C41: Nb | D41: Transition Metals | E41: 93 | F41: =E41-A41 -> 52 | G41: =(A41 * 1.007276) + (F41 * 1.008665) + (L41 * 0.00054858) -> 93.771388 | H41: =(G41-(A41*'Atomic Particles'!C1))/'Atomic Particles'!C2+A41 -> 93.022202 | I41: =0.529177210544 * (M41^2 / (A41 - AG41)) -> 0.75596744 | J41: =(('Atomic Particles'!C1)*A41)+(('Atomic Particles'!C2)*Elements!F41) -> 93.748994 | K41: =(E41^(1/3))*Constants!B2 -> 5.6633186e-15 | L41: 41 | M41: 2 | N41: 2 | O41: 6 | P41: 2 | Q41: 6 | R41: 10 | S41: 2 | T41: 6 | U41: 4 | W41: 1 | AF41: 5 | AG41: =IF(A41=1, 0, IF(A41=2, 0.3, IF(A41<=10, 0.35*(N41+O41-1)+0.85*M41, IF(A41<=18, 0.35*(P41+Q41-1)+0.85*(N41+O41)+M41, IF(A41<=36, 0.35*(S41+T41-1)+0.85*(P41+Q41+R41)+(M41+N41+O41), IF(A41<=54, 0.35*(W41+X41-1)+0.85*(S41+T41+U41)+(M41+N41+O41+P41+Q41+R41), IF(A41<=86, 0.35*(AA41+AB41-1)+0.85*(W41+X41+Y41+Z41)+(M41+N41+O41+P41+Q41+R41+S41+T41+U41+V41), IF(A41<=118, 0.35*(AD41+AE41-1)+0.85*(AA41+AB41+AC41)+(M41+N41+O41+P41+Q41+R41+S41+T41+U41+V41+W41+X41+Y41+Z41), 0)))))))) -> 38.2 | AH41: =(G41 * 1.6605E-24) / (AI41 * 1E-24) -> 86.042166 | AI41: =(4/3) * PI() * (I41^3) -> 1.8096638 | AJ41: =(A41*1.67262192369E-27 + F41*1.67492749804E-27 + L41*9.1093837015E-31) / 1.6605390666E-27 -> 93.771403 | AM41: =A41 - L41 -> 0 | AN41: =A41-AG41 -> 2.8 | AO41: =4 * PI() * 8.854187817E-12 * (I41 * 0.0000000001)^3 -> 4.8069308e-41 | AP41: =AO41 * 10^12 -> 4.8069308e-29 | AQ41: =(1 / (2 * 3.14159265358979)) * SQRT((A41 * (1.602176634E-19^2)) / ((AI41 * 1E-30) * 9.1093837015E-31 * 8.8541878128E-12)) -> 4.273706e+16 | AR41: =I41 * 350 -> 264.58861 | AS41: =299792458000000000 / AQ41 -> 7.0148123
A42: 42 | B42: Molybdenum | C42: Mo | D42: Transition Metals | E42: 95 | F42: =E42-A42 -> 53 | G42: =(A42 * 1.007276) + (F42 * 1.008665) + (L42 * 0.00054858) -> 95.787877 | H42: =(G42-(A42*'Atomic Particles'!C1))/'Atomic Particles'!C2+A42 -> 95.022744 | I42: =0.529177210544 * (M42^2 / (A42 - AG42)) -> 0.71752842 | J42: =(('Atomic Particles'!C1)*A42)+(('Atomic Particles'!C2)*Elements!F42) -> 95.764937 | K42: =(E42^(1/3))*Constants!B2 -> 5.7036283e-15 | L42: 42 | M42: 2 | N42: 2 | O42: 6 | P42: 2 | Q42: 6 | R42: 10 | S42: 2 | T42: 6 | U42: 5 | W42: 1 | AF42: 5 | AG42: =IF(A42=1, 0, IF(A42=2, 0.3, IF(A42<=10, 0.35*(N42+O42-1)+0.85*M42, IF(A42<=18, 0.35*(P42+Q42-1)+0.85*(N42+O42)+M42, IF(A42<=36, 0.35*(S42+T42-1)+0.85*(P42+Q42+R42)+(M42+N42+O42), IF(A42<=54, 0.35*(W42+X42-1)+0.85*(S42+T42+U42)+(M42+N42+O42+P42+Q42+R42), IF(A42<=86, 0.35*(AA42+AB42-1)+0.85*(W42+X42+Y42+Z42)+(M42+N42+O42+P42+Q42+R42+S42+T42+U42+V42), IF(A42<=118, 0.35*(AD42+AE42-1)+0.85*(AA42+AB42+AC42)+(M42+N42+O42+P42+Q42+R42+S42+T42+U42+V42+W42+X42+Y42+Z42), 0)))))))) -> 39.05 | AH42: =(G42 * 1.6605E-24) / (AI42 * 1E-24) -> 102.78826 | AI42: =(4/3) * PI() * (I42^3) -> 1.5474119 | AJ42: =(A42*1.67262192369E-27 + F42*1.67492749804E-27 + L42*9.1093837015E-31) / 1.6605390666E-27 -> 95.787892 | AM42: =A42 - L42 -> 0 | AN42: =A42-AG42 -> 2.95 | AO42: =4 * PI() * 8.854187817E-12 * (I42 * 0.0000000001)^3 -> 4.1103227e-41 | AP42: =AO42 * 10^12 -> 4.1103227e-29 | AQ42: =(1 / (2 * 3.14159265358979)) * SQRT((A42 * (1.602176634E-19^2)) / ((AI42 * 1E-30) * 9.1093837015E-31 * 8.8541878128E-12)) -> 4.6777105e+16 | AR42: =I42 * 350 -> 251.13495 | AS42: =299792458000000000 / AQ42 -> 6.4089571
A43: 43 | B43: Technetium | C43: Tc | D43: Transition Metals | E43: 97 | F43: =E43-A43 -> 54 | G43: =(A43 * 1.007276) + (F43 * 1.008665) + (L43 * 0.00054858) -> 97.804367 | H43: =(G43-(A43*'Atomic Particles'!C1))/'Atomic Particles'!C2+A43 -> 97.023285 | I43: =0.529177210544 * (M43^2 / (A43 - AG43)) -> 0.58797468 | J43: =(('Atomic Particles'!C1)*A43)+(('Atomic Particles'!C2)*Elements!F43) -> 97.78088 | K43: =(E43^(1/3))*Constants!B2 -> 5.7433761e-15 | L43: 43 | M43: 2 | N43: 2 | O43: 6 | P43: 2 | Q43: 6 | R43: 10 | S43: 2 | T43: 6 | U43: 5 | W43: 2 | AF43: 5 | AG43: =IF(A43=1, 0, IF(A43=2, 0.3, IF(A43<=10, 0.35*(N43+O43-1)+0.85*M43, IF(A43<=18, 0.35*(P43+Q43-1)+0.85*(N43+O43)+M43, IF(A43<=36, 0.35*(S43+T43-1)+0.85*(P43+Q43+R43)+(M43+N43+O43), IF(A43<=54, 0.35*(W43+X43-1)+0.85*(S43+T43+U43)+(M43+N43+O43+P43+Q43+R43), IF(A43<=86, 0.35*(AA43+AB43-1)+0.85*(W43+X43+Y43+Z43)+(M43+N43+O43+P43+Q43+R43+S43+T43+U43+V43), IF(A43<=118, 0.35*(AD43+AE43-1)+0.85*(AA43+AB43+AC43)+(M43+N43+O43+P43+Q43+R43+S43+T43+U43+V43+W43+X43+Y43+Z43), 0)))))))) -> 39.4 | AH43: =(G43 * 1.6605E-24) / (AI43 * 1E-24) -> 190.73599 | AI43: =(4/3) * PI() * (I43^3) -> 0.85146045 | AJ43: =(A43*1.67262192369E-27 + F43*1.67492749804E-27 + L43*9.1093837015E-31) / 1.6605390666E-27 -> 97.804382 | AM43: =A43 - L43 -> 0 | AN43: =A43-AG43 -> 3.6 | AO43: =4 * PI() * 8.854187817E-12 * (I43 * 0.0000000001)^3 -> 2.2616972e-41 | AP43: =AO43 * 10^12 -> 2.2616972e-29 | AQ43: =(1 / (2 * 3.14159265358979)) * SQRT((A43 * (1.602176634E-19^2)) / ((AI43 * 1E-30) * 9.1093837015E-31 * 8.8541878128E-12)) -> 6.3806313e+16 | AR43: =I43 * 350 -> 205.79114 | AS43: =299792458000000000 / AQ43 -> 4.6984764
A44: 44 | B44: Ruthenium | C44: Ru | D44: Transition Metals | E44: 101 | F44: =E44-A44 -> 57 | G44: =(A44 * 1.007276) + (F44 * 1.008665) + (L44 * 0.00054858) -> 101.83819 | H44: =(G44-(A44*'Atomic Particles'!C1))/'Atomic Particles'!C2+A44 -> 101.02383 | I44: =0.529177210544 * (M44^2 / (A44 - AG44)) -> 0.65129503 | J44: =(('Atomic Particles'!C1)*A44)+(('Atomic Particles'!C2)*Elements!F44) -> 101.81415 | K44: =(E44^(1/3))*Constants!B2 -> 5.8212619e-15 | L44: 44 | M44: 2 | N44: 2 | O44: 6 | P44: 2 | Q44: 6 | R44: 10 | S44: 2 | T44: 6 | U44: 7 | W44: 1 | AF44: 5 | AG44: =IF(A44=1, 0, IF(A44=2, 0.3, IF(A44<=10, 0.35*(N44+O44-1)+0.85*M44, IF(A44<=18, 0.35*(P44+Q44-1)+0.85*(N44+O44)+M44, IF(A44<=36, 0.35*(S44+T44-1)+0.85*(P44+Q44+R44)+(M44+N44+O44), IF(A44<=54, 0.35*(W44+X44-1)+0.85*(S44+T44+U44)+(M44+N44+O44+P44+Q44+R44), IF(A44<=86, 0.35*(AA44+AB44-1)+0.85*(W44+X44+Y44+Z44)+(M44+N44+O44+P44+Q44+R44+S44+T44+U44+V44), IF(A44<=118, 0.35*(AD44+AE44-1)+0.85*(AA44+AB44+AC44)+(M44+N44+O44+P44+Q44+R44+S44+T44+U44+V44+W44+X44+Y44+Z44), 0)))))))) -> 40.75 | AH44: =(G44 * 1.6605E-24) / (AI44 * 1E-24) -> 146.12605 | AI44: =(4/3) * PI() * (I44^3) -> 1.1572359 | AJ44: =(A44*1.67262192369E-27 + F44*1.67492749804E-27 + L44*9.1093837015E-31) / 1.6605390666E-27 -> 101.8382 | AM44: =A44 - L44 -> 0 | AN44: =A44-AG44 -> 3.25 | AO44: =4 * PI() * 8.854187817E-12 * (I44 * 0.0000000001)^3 -> 3.0739152e-41 | AP44: =AO44 * 10^12 -> 3.0739152e-29 | AQ44: =(1 / (2 * 3.14159265358979)) * SQRT((A44 * (1.602176634E-19^2)) / ((AI44 * 1E-30) * 9.1093837015E-31 * 8.8541878128E-12)) -> 5.5363948e+16 | AR44: =I44 * 350 -> 227.95326 | AS44: =299792458000000000 / AQ44 -> 5.41494
A45: 45 | B45: Rhodium | C45: Rh | D45: Transition Metals | E45: 103 | F45: =E45-A45 -> 58 | G45: =(A45 * 1.007276) + (F45 * 1.008665) + (L45 * 0.00054858) -> 103.85468 | H45: =(G45-(A45*'Atomic Particles'!C1))/'Atomic Particles'!C2+A45 -> 103.02437 | I45: =0.529177210544 * (M45^2 / (A45 - AG45)) -> 0.62256142 | J45: =(('Atomic Particles'!C1)*A45)+(('Atomic Particles'!C2)*Elements!F45) -> 103.8301 | K45: =(E45^(1/3))*Constants!B2 -> 5.8594352e-15 | L45: 45 | M45: 2 | N45: 2 | O45: 6 | P45: 2 | Q45: 6 | R45: 10 | S45: 2 | T45: 6 | U45: 8 | W45: 1 | AF45: 5 | AG45: =IF(A45=1, 0, IF(A45=2, 0.3, IF(A45<=10, 0.35*(N45+O45-1)+0.85*M45, IF(A45<=18, 0.35*(P45+Q45-1)+0.85*(N45+O45)+M45, IF(A45<=36, 0.35*(S45+T45-1)+0.85*(P45+Q45+R45)+(M45+N45+O45), IF(A45<=54, 0.35*(W45+X45-1)+0.85*(S45+T45+U45)+(M45+N45+O45+P45+Q45+R45), IF(A45<=86, 0.35*(AA45+AB45-1)+0.85*(W45+X45+Y45+Z45)+(M45+N45+O45+P45+Q45+R45+S45+T45+U45+V45), IF(A45<=118, 0.35*(AD45+AE45-1)+0.85*(AA45+AB45+AC45)+(M45+N45+O45+P45+Q45+R45+S45+T45+U45+V45+W45+X45+Y45+Z45), 0)))))))) -> 41.6 | AH45: =(G45 * 1.6605E-24) / (AI45 * 1E-24) -> 170.61991 | AI45: =(4/3) * PI() * (I45^3) -> 1.0107302 | AJ45: =(A45*1.67262192369E-27 + F45*1.67492749804E-27 + L45*9.1093837015E-31) / 1.6605390666E-27 -> 103.85469 | AM45: =A45 - L45 -> 0 | AN45: =A45-AG45 -> 3.4 | AO45: =4 * PI() * 8.854187817E-12 * (I45 * 0.0000000001)^3 -> 2.6847584e-41 | AP45: =AO45 * 10^12 -> 2.6847584e-29 | AQ45: =(1 / (2 * 3.14159265358979)) * SQRT((A45 * (1.602176634E-19^2)) / ((AI45 * 1E-30) * 9.1093837015E-31 * 8.8541878128E-12)) -> 5.9910136e+16 | AR45: =I45 * 350 -> 217.8965 | AS45: =299792458000000000 / AQ45 -> 5.0040357
A46: 46 | B46: Palladium | C46: Pd | D46: Transition Metals | E46: 105 | F46: =E46-A46 -> 59 | G46: =(A46 * 1.007276) + (F46 * 1.008665) + (L46 * 0.00054858) -> 105.87117 | H46: =(G46-(A46*'Atomic Particles'!C1))/'Atomic Particles'!C2+A46 -> 105.02491 | I46: =0.529177210544 * (M46^2 / (A46 - AG46)) -> 0.6940029 | J46: =(('Atomic Particles'!C1)*A46)+(('Atomic Particles'!C2)*Elements!F46) -> 105.84604 | K46: =(E46^(1/3))*Constants!B2 -> 5.8971175e-15 | L46: 46 | M46: 2 | N46: 2 | O46: 6 | P46: 2 | Q46: 6 | R46: 10 | S46: 2 | T46: 6 | U46: 10 | AF46: 5 | AG46: =IF(A46=1, 0, IF(A46=2, 0.3, IF(A46<=10, 0.35*(N46+O46-1)+0.85*M46, IF(A46<=18, 0.35*(P46+Q46-1)+0.85*(N46+O46)+M46, IF(A46<=36, 0.35*(S46+T46-1)+0.85*(P46+Q46+R46)+(M46+N46+O46), IF(A46<=54, 0.35*(W46+X46-1)+0.85*(S46+T46+U46)+(M46+N46+O46+P46+Q46+R46), IF(A46<=86, 0.35*(AA46+AB46-1)+0.85*(W46+X46+Y46+Z46)+(M46+N46+O46+P46+Q46+R46+S46+T46+U46+V46), IF(A46<=118, 0.35*(AD46+AE46-1)+0.85*(AA46+AB46+AC46)+(M46+N46+O46+P46+Q46+R46+S46+T46+U46+V46+W46+X46+Y46+Z46), 0)))))))) -> 42.95 | AH46: =(G46 * 1.6605E-24) / (AI46 * 1E-24) -> 125.55792 | AI46: =(4/3) * PI() * (I46^3) -> 1.4001432 | AJ46: =(A46*1.67262192369E-27 + F46*1.67492749804E-27 + L46*9.1093837015E-31) / 1.6605390666E-27 -> 105.87118 | AM46: =A46 - L46 -> 0 | AN46: =A46-AG46 -> 3.05 | AO46: =4 * PI() * 8.854187817E-12 * (I46 * 0.0000000001)^3 -> 3.7191393e-41 | AP46: =AO46 * 10^12 -> 3.7191393e-29 | AQ46: =(1 / (2 * 3.14159265358979)) * SQRT((A46 * (1.602176634E-19^2)) / ((AI46 * 1E-30) * 9.1093837015E-31 * 8.8541878128E-12)) -> 5.1464096e+16 | AR46: =I46 * 350 -> 242.90101 | AS46: =299792458000000000 / AQ46 -> 5.825274
A47: 47 | B47: Silver | C47: Ag | D47: Transition Metals | E47: 109 | F47: =E47-A47 -> 62 | G47: =(A47 * 1.007276) + (F47 * 1.008665) + (L47 * 0.00054858) -> 109.90499 | H47: =(G47-(A47*'Atomic Particles'!C1))/'Atomic Particles'!C2+A47 -> 109.02545 | I47: =0.529177210544 * (M47^2 / (A47 - AG47)) -> 0.57208347 | J47: =(('Atomic Particles'!C1)*A47)+(('Atomic Particles'!C2)*Elements!F47) -> 109.87932 | K47: =(E47^(1/3))*Constants!B2 -> 5.9710702e-15 | L47: 47 | M47: 2 | N47: 2 | O47: 6 | P47: 2 | Q47: 6 | R47: 10 | S47: 2 | T47: 6 | U47: 10 | W47: 1 | AF47: 5 | AG47: =IF(A47=1, 0, IF(A47=2, 0.3, IF(A47<=10, 0.35*(N47+O47-1)+0.85*M47, IF(A47<=18, 0.35*(P47+Q47-1)+0.85*(N47+O47)+M47, IF(A47<=36, 0.35*(S47+T47-1)+0.85*(P47+Q47+R47)+(M47+N47+O47), IF(A47<=54, 0.35*(W47+X47-1)+0.85*(S47+T47+U47)+(M47+N47+O47+P47+Q47+R47), IF(A47<=86, 0.35*(AA47+AB47-1)+0.85*(W47+X47+Y47+Z47)+(M47+N47+O47+P47+Q47+R47+S47+T47+U47+V47), IF(A47<=118, 0.35*(AD47+AE47-1)+0.85*(AA47+AB47+AC47)+(M47+N47+O47+P47+Q47+R47+S47+T47+U47+V47+W47+X47+Y47+Z47), 0)))))))) -> 43.3 | AH47: =(G47 * 1.6605E-24) / (AI47 * 1E-24) -> 232.69629 | AI47: =(4/3) * PI() * (I47^3) -> 0.78427218 | AJ47: =(A47*1.67262192369E-27 + F47*1.67492749804E-27 + L47*9.1093837015E-31) / 1.6605390666E-27 -> 109.905 | AM47: =A47 - L47 -> 0 | AN47: =A47-AG47 -> 3.7 | AO47: =4 * PI() * 8.854187817E-12 * (I47 * 0.0000000001)^3 -> 2.083228e-41 | AP47: =AO47 * 10^12 -> 2.083228e-29 | AQ47: =(1 / (2 * 3.14159265358979)) * SQRT((A47 * (1.602176634E-19^2)) / ((AI47 * 1E-30) * 9.1093837015E-31 * 8.8541878128E-12)) -> 6.9506783e+16 | AR47: =I47 * 350 -> 200.22921 | AS47: =299792458000000000 / AQ47 -> 4.3131396
A48: 48 | B48: Cadmium | C48: Cd | D48: Transition Metals | E48: 111 | F48: =E48-A48 -> 63 | G48: =(A48 * 1.007276) + (F48 * 1.008665) + (L48 * 0.00054858) -> 111.92147 | H48: =(G48-(A48*'Atomic Particles'!C1))/'Atomic Particles'!C2+A48 -> 111.02599 | I48: =0.529177210544 * (M48^2 / (A48 - AG48)) -> 0.48659973 | J48: =(('Atomic Particles'!C1)*A48)+(('Atomic Particles'!C2)*Elements!F48) -> 111.89526 | K48: =(E48^(1/3))*Constants!B2 -> 6.0073694e-15 | L48: 48 | M48: 2 | N48: 2 | O48: 6 | P48: 2 | Q48: 6 | R48: 10 | S48: 2 | T48: 6 | U48: 10 | W48: 2 | AF48: 5 | AG48: =IF(A48=1, 0, IF(A48=2, 0.3, IF(A48<=10, 0.35*(N48+O48-1)+0.85*M48, IF(A48<=18, 0.35*(P48+Q48-1)+0.85*(N48+O48)+M48, IF(A48<=36, 0.35*(S48+T48-1)+0.85*(P48+Q48+R48)+(M48+N48+O48), IF(A48<=54, 0.35*(W48+X48-1)+0.85*(S48+T48+U48)+(M48+N48+O48+P48+Q48+R48), IF(A48<=86, 0.35*(AA48+AB48-1)+0.85*(W48+X48+Y48+Z48)+(M48+N48+O48+P48+Q48+R48+S48+T48+U48+V48), IF(A48<=118, 0.35*(AD48+AE48-1)+0.85*(AA48+AB48+AC48)+(M48+N48+O48+P48+Q48+R48+S48+T48+U48+V48+W48+X48+Y48+Z48), 0)))))))) -> 43.65 | AH48: =(G48 * 1.6605E-24) / (AI48 * 1E-24) -> 385.07746 | AI48: =(4/3) * PI() * (I48^3) -> 0.48261877 | AJ48: =(A48*1.67262192369E-27 + F48*1.67492749804E-27 + L48*9.1093837015E-31) / 1.6605390666E-27 -> 111.92149 | AM48: =A48 - L48 -> 0 | AN48: =A48-AG48 -> 4.35 | AO48: =4 * PI() * 8.854187817E-12 * (I48 * 0.0000000001)^3 -> 1.2819592e-41 | AP48: =AO48 * 10^12 -> 1.2819592e-29 | AQ48: =(1 / (2 * 3.14159265358979)) * SQRT((A48 * (1.602176634E-19^2)) / ((AI48 * 1E-30) * 9.1093837015E-31 * 8.8541878128E-12)) -> 8.9542698e+16 | AR48: =I48 * 350 -> 170.30991 | AS48: =299792458000000000 / AQ48 -> 3.3480391
A49: 49 | B49: Indium | C49: In | D49: Post-transitional Metals | E49: 115 | F49: =E49-A49 -> 66 | G49: =(A49 * 1.007276) + (F49 * 1.008665) + (L49 * 0.00054858) -> 115.95529 | H49: =(G49-(A49*'Atomic Particles'!C1))/'Atomic Particles'!C2+A49 -> 115.02653 | I49: =0.529177210544 * (M49^2 / (A49 - AG49)) -> 0.42334177 | J49: =(('Atomic Particles'!C1)*A49)+(('Atomic Particles'!C2)*Elements!F49) -> 115.92853 | K49: =(E49^(1/3))*Constants!B2 -> 6.0786802e-15 | L49: 49 | M49: 2 | N49: 2 | O49: 6 | P49: 2 | Q49: 6 | R49: 10 | S49: 2 | T49: 6 | U49: 10 | W49: 2 | X49: 1 | AF49: 5 | AG49: =IF(A49=1, 0, IF(A49=2, 0.3, IF(A49<=10, 0.35*(N49+O49-1)+0.85*M49, IF(A49<=18, 0.35*(P49+Q49-1)+0.85*(N49+O49)+M49, IF(A49<=36, 0.35*(S49+T49-1)+0.85*(P49+Q49+R49)+(M49+N49+O49), IF(A49<=54, 0.35*(W49+X49-1)+0.85*(S49+T49+U49)+(M49+N49+O49+P49+Q49+R49), IF(A49<=86, 0.35*(AA49+AB49-1)+0.85*(W49+X49+Y49+Z49)+(M49+N49+O49+P49+Q49+R49+S49+T49+U49+V49), IF(A49<=118, 0.35*(AD49+AE49-1)+0.85*(AA49+AB49+AC49)+(M49+N49+O49+P49+Q49+R49+S49+T49+U49+V49+W49+X49+Y49+Z49), 0)))))))) -> 44 | AH49: =(G49 * 1.6605E-24) / (AI49 * 1E-24) -> 605.85332 | AI49: =(4/3) * PI() * (I49^3) -> 0.31780591 | AJ49: =(A49*1.67262192369E-27 + F49*1.67492749804E-27 + L49*9.1093837015E-31) / 1.6605390666E-27 -> 115.95531 | AM49: =A49 - L49 -> 0 | AN49: =A49-AG49 -> 5 | AO49: =4 * PI() * 8.854187817E-12 * (I49 * 0.0000000001)^3 -> 8.4417396e-42 | AP49: =AO49 * 10^12 -> 8.4417396e-30 | AQ49: =(1 / (2 * 3.14159265358979)) * SQRT((A49 * (1.602176634E-19^2)) / ((AI49 * 1E-30) * 9.1093837015E-31 * 8.8541878128E-12)) -> 1.1148815e+17 | AR49: =I49 * 350 -> 148.16962 | AS49: =299792458000000000 / AQ49 -> 2.6890073
A50: 50 | B50: Tin | C50: Sn | D50: Post-transitional Metals | E50: 117 | F50: =E50-A50 -> 67 | G50: =(A50 * 1.007276) + (F50 * 1.008665) + (L50 * 0.00054858) -> 117.97178 | H50: =(G50-(A50*'Atomic Particles'!C1))/'Atomic Particles'!C2+A50 -> 117.02707 | I50: =0.529177210544 * (M50^2 / (A50 - AG50)) -> 0.37463873 | J50: =(('Atomic Particles'!C1)*A50)+(('Atomic Particles'!C2)*Elements!F50) -> 117.94448 | K50: =(E50^(1/3))*Constants!B2 -> 6.1137166e-15 | L50: 50 | M50: 2 | N50: 2 | O50: 6 | P50: 2 | Q50: 6 | R50: 10 | S50: 2 | T50: 6 | U50: 10 | W50: 2 | X50: 2 | AF50: 5 | AG50: =IF(A50=1, 0, IF(A50=2, 0.3, IF(A50<=10, 0.35*(N50+O50-1)+0.85*M50, IF(A50<=18, 0.35*(P50+Q50-1)+0.85*(N50+O50)+M50, IF(A50<=36, 0.35*(S50+T50-1)+0.85*(P50+Q50+R50)+(M50+N50+O50), IF(A50<=54, 0.35*(W50+X50-1)+0.85*(S50+T50+U50)+(M50+N50+O50+P50+Q50+R50), IF(A50<=86, 0.35*(AA50+AB50-1)+0.85*(W50+X50+Y50+Z50)+(M50+N50+O50+P50+Q50+R50+S50+T50+U50+V50), IF(A50<=118, 0.35*(AD50+AE50-1)+0.85*(AA50+AB50+AC50)+(M50+N50+O50+P50+Q50+R50+S50+T50+U50+V50+W50+X50+Y50+Z50), 0)))))))) -> 44.35 | AH50: =(G50 * 1.6605E-24) / (AI50 * 1E-24) -> 889.38621 | AI50: =(4/3) * PI() * (I50^3) -> 0.22025544 | AJ50: =(A50*1.67262192369E-27 + F50*1.67492749804E-27 + L50*9.1093837015E-31) / 1.6605390666E-27 -> 117.9718 | AM50: =A50 - L50 -> 0 | AN50: =A50-AG50 -> 5.65 | AO50: =4 * PI() * 8.854187817E-12 * (I50 * 0.0000000001)^3 -> 5.850549e-42 | AP50: =AO50 * 10^12 -> 5.850549e-30 | AQ50: =(1 / (2 * 3.14159265358979)) * SQRT((A50 * (1.602176634E-19^2)) / ((AI50 * 1E-30) * 9.1093837015E-31 * 8.8541878128E-12)) -> 1.3527992e+17 | AR50: =I50 * 350 -> 131.12356 | AS50: =299792458000000000 / AQ50 -> 2.2160898
A51: 51 | B51: Antimony | C51: Sb | D51: Metalloid | E51: 125 | F51: =E51-A51 -> 74 | G51: =(A51 * 1.007276) + (F51 * 1.008665) + (L51 * 0.00054858) -> 126.04026 | H51: =(G51-(A51*'Atomic Particles'!C1))/'Atomic Particles'!C2+A51 -> 125.02761 | I51: =0.529177210544 * (M51^2 / (A51 - AG51)) -> 0.33598553 | J51: =(('Atomic Particles'!C1)*A51)+(('Atomic Particles'!C2)*Elements!F51) -> 126.01242 | K51: =(E51^(1/3))*Constants!B2 -> 6.25e-15 | L51: 51 | M51: 2 | N51: 2 | O51: 6 | P51: 2 | Q51: 6 | R51: 10 | S51: 2 | T51: 6 | U51: 10 | W51: 2 | X51: 3 | AF51: 5 | AG51: =IF(A51=1, 0, IF(A51=2, 0.3, IF(A51<=10, 0.35*(N51+O51-1)+0.85*M51, IF(A51<=18, 0.35*(P51+Q51-1)+0.85*(N51+O51)+M51, IF(A51<=36, 0.35*(S51+T51-1)+0.85*(P51+Q51+R51)+(M51+N51+O51), IF(A51<=54, 0.35*(W51+X51-1)+0.85*(S51+T51+U51)+(M51+N51+O51+P51+Q51+R51), IF(A51<=86, 0.35*(AA51+AB51-1)+0.85*(W51+X51+Y51+Z51)+(M51+N51+O51+P51+Q51+R51+S51+T51+U51+V51), IF(A51<=118, 0.35*(AD51+AE51-1)+0.85*(AA51+AB51+AC51)+(M51+N51+O51+P51+Q51+R51+S51+T51+U51+V51+W51+X51+Y51+Z51), 0)))))))) -> 44.7 | AH51: =(G51 * 1.6605E-24) / (AI51 * 1E-24) -> 1317.3399 | AI51: =(4/3) * PI() * (I51^3) -> 0.15887309 | AJ51: =(A51*1.67262192369E-27 + F51*1.67492749804E-27 + L51*9.1093837015E-31) / 1.6605390666E-27 -> 126.04028 | AM51: =A51 - L51 -> 0 | AN51: =A51-AG51 -> 6.3 | AO51: =4 * PI() * 8.854187817E-12 * (I51 * 0.0000000001)^3 -> 4.2200764e-42 | AP51: =AO51 * 10^12 -> 4.2200764e-30 | AQ51: =(1 / (2 * 3.14159265358979)) * SQRT((A51 * (1.602176634E-19^2)) / ((AI51 * 1E-30) * 9.1093837015E-31 * 8.8541878128E-12)) -> 1.6086871e+17 | AR51: =I51 * 350 -> 117.59494 | AS51: =299792458000000000 / AQ51 -> 1.8635846
A52: 52 | B52: Tellurium | C52: Te | D52: Metalloid | E52: 128 | F52: =E52-A52 -> 76 | G52: =(A52 * 1.007276) + (F52 * 1.008665) + (L52 * 0.00054858) -> 129.06542 | H52: =(G52-(A52*'Atomic Particles'!C1))/'Atomic Particles'!C2+A52 -> 128.02815 | I52: =0.529177210544 * (M52^2 / (A52 - AG52)) -> 0.30456242 | J52: =(('Atomic Particles'!C1)*A52)+(('Atomic Particles'!C2)*Elements!F52) -> 129.03702 | K52: =(E52^(1/3))*Constants!B2 -> 6.2996052e-15 | L52: 52 | M52: 2 | N52: 2 | O52: 6 | P52: 2 | Q52: 6 | R52: 10 | S52: 2 | T52: 6 | U52: 10 | W52: 2 | X52: 4 | AF52: 5 | AG52: =IF(A52=1, 0, IF(A52=2, 0.3, IF(A52<=10, 0.35*(N52+O52-1)+0.85*M52, IF(A52<=18, 0.35*(P52+Q52-1)+0.85*(N52+O52)+M52, IF(A52<=36, 0.35*(S52+T52-1)+0.85*(P52+Q52+R52)+(M52+N52+O52), IF(A52<=54, 0.35*(W52+X52-1)+0.85*(S52+T52+U52)+(M52+N52+O52+P52+Q52+R52), IF(A52<=86, 0.35*(AA52+AB52-1)+0.85*(W52+X52+Y52+Z52)+(M52+N52+O52+P52+Q52+R52+S52+T52+U52+V52), IF(A52<=118, 0.35*(AD52+AE52-1)+0.85*(AA52+AB52+AC52)+(M52+N52+O52+P52+Q52+R52+S52+T52+U52+V52+W52+X52+Y52+Z52), 0)))))))) -> 45.05 | AH52: =(G52 * 1.6605E-24) / (AI52 * 1E-24) -> 1811.0532 | AI52: =(4/3) * PI() * (I52^3) -> 0.11833619 | AJ52: =(A52*1.67262192369E-27 + F52*1.67492749804E-27 + L52*9.1093837015E-31) / 1.6605390666E-27 -> 129.06544 | AM52: =A52 - L52 -> 0 | AN52: =A52-AG52 -> 6.95 | AO52: =4 * PI() * 8.854187817E-12 * (I52 * 0.0000000001)^3 -> 3.1433124e-42 | AP52: =AO52 * 10^12 -> 3.1433124e-30 | AQ52: =(1 / (2 * 3.14159265358979)) * SQRT((A52 * (1.602176634E-19^2)) / ((AI52 * 1E-30) * 9.1093837015E-31 * 8.8541878128E-12)) -> 1.8821514e+17 | AR52: =I52 * 350 -> 106.59685 | AS52: =299792458000000000 / AQ52 -> 1.592818
A53: 53 | B53: Iodine | C53: I | D53: Halogen | E53: 127 | F53: =E53-A53 -> 74 | G53: =(A53 * 1.007276) + (F53 * 1.008665) + (L53 * 0.00054858) -> 128.05591 | H53: =(G53-(A53*'Atomic Particles'!C1))/'Atomic Particles'!C2+A53 -> 127.02869 | I53: =0.529177210544 * (M53^2 / (A53 - AG53)) -> 0.27851432 | J53: =(('Atomic Particles'!C1)*A53)+(('Atomic Particles'!C2)*Elements!F53) -> 128.02697 | K53: =(E53^(1/3))*Constants!B2 -> 6.2831571e-15 | L53: 53 | M53: 2 | N53: 2 | O53: 6 | P53: 2 | Q53: 6 | R53: 10 | S53: 2 | T53: 6 | U53: 10 | W53: 2 | X53: 5 | AF53: 5 | AG53: =IF(A53=1, 0, IF(A53=2, 0.3, IF(A53<=10, 0.35*(N53+O53-1)+0.85*M53, IF(A53<=18, 0.35*(P53+Q53-1)+0.85*(N53+O53)+M53, IF(A53<=36, 0.35*(S53+T53-1)+0.85*(P53+Q53+R53)+(M53+N53+O53), IF(A53<=54, 0.35*(W53+X53-1)+0.85*(S53+T53+U53)+(M53+N53+O53+P53+Q53+R53), IF(A53<=86, 0.35*(AA53+AB53-1)+0.85*(W53+X53+Y53+Z53)+(M53+N53+O53+P53+Q53+R53+S53+T53+U53+V53), IF(A53<=118, 0.35*(AD53+AE53-1)+0.85*(AA53+AB53+AC53)+(M53+N53+O53+P53+Q53+R53+S53+T53+U53+V53+W53+X53+Y53+Z53), 0)))))))) -> 45.4 | AH53: =(G53 * 1.6605E-24) / (AI53 * 1E-24) -> 2349.6724 | AI53: =(4/3) * PI() * (I53^3) -> 0.090496379 | AJ53: =(A53*1.67262192369E-27 + F53*1.67492749804E-27 + L53*9.1093837015E-31) / 1.6605390666E-27 -> 128.05593 | AM53: =A53 - L53 -> 0 | AN53: =A53-AG53 -> 7.6 | AO53: =4 * PI() * 8.854187817E-12 * (I53 * 0.0000000001)^3 -> 2.4038158e-42 | AP53: =AO53 * 10^12 -> 2.4038158e-30 | AQ53: =(1 / (2 * 3.14159265358979)) * SQRT((A53 * (1.602176634E-19^2)) / ((AI53 * 1E-30) * 9.1093837015E-31 * 8.8541878128E-12)) -> 2.1728713e+17 | AR53: =I53 * 350 -> 97.480012 | AS53: =299792458000000000 / AQ53 -> 1.3797065
A54: 54 | B54: Xenon | C54: Xe | D54: Noble Gas | E54: 129 | F54: =E54-A54 -> 75 | G54: =(A54 * 1.007276) + (F54 * 1.008665) + (L54 * 0.00054858) -> 130.0724 | H54: =(G54-(A54*'Atomic Particles'!C1))/'Atomic Particles'!C2+A54 -> 129.02924 | I54: =0.529177210544 * (M54^2 / (A54 - AG54)) -> 0.25657077 | J54: =(('Atomic Particles'!C1)*A54)+(('Atomic Particles'!C55)*Elements!F2) -> 54.39297 | K54: =(E54^(1/3))*Constants!B2 -> 6.3159679e-15 | L54: 54 | M54: 2 | N54: 2 | O54: 6 | P54: 2 | Q54: 6 | R54: 10 | S54: 2 | T54: 6 | U54: 10 | W54: 2 | X54: 6 | AF54: 5 | AG54: =IF(A54=1, 0, IF(A54=2, 0.3, IF(A54<=10, 0.35*(N54+O54-1)+0.85*M54, IF(A54<=18, 0.35*(P54+Q54-1)+0.85*(N54+O54)+M54, IF(A54<=36, 0.35*(S54+T54-1)+0.85*(P54+Q54+R54)+(M54+N54+O54), IF(A54<=54, 0.35*(W54+X54-1)+0.85*(S54+T54+U54)+(M54+N54+O54+P54+Q54+R54), IF(A54<=86, 0.35*(AA54+AB54-1)+0.85*(W54+X54+Y54+Z54)+(M54+N54+O54+P54+Q54+R54+S54+T54+U54+V54), IF(A54<=118, 0.35*(AD54+AE54-1)+0.85*(AA54+AB54+AC54)+(M54+N54+O54+P54+Q54+R54+S54+T54+U54+V54+W54+X54+Y54+Z54), 0)))))))) -> 45.75 | AH54: =(G54 * 1.6605E-24) / (AI54 * 1E-24) -> 3052.9093 | AI54: =(4/3) * PI() * (I54^3) -> 0.070747343 | AJ54: =(A54*1.67262192369E-27 + F54*1.67492749804E-27 + L54*9.1093837015E-31) / 1.6605390666E-27 -> 130.07242 | AM54: =A54 - L54 -> 0 | AN54: =A54-AG54 -> 8.25 | AO54: =4 * PI() * 8.854187817E-12 * (I54 * 0.0000000001)^3 -> 1.8792308e-42 | AP54: =AO54 * 10^12 -> 1.8792308e-30 | AQ54: =(1 / (2 * 3.14159265358979)) * SQRT((A54 * (1.602176634E-19^2)) / ((AI54 * 1E-30) * 9.1093837015E-31 * 8.8541878128E-12)) -> 2.4805814e+17 | AR54: =I54 * 350 -> 89.799769 | AS54: =299792458000000000 / AQ54 -> 1.2085573
A55: 55 | B55: Caesium | C55: Cs | D55: Alkali Metal | E55: 133 | F55: =E55-A55 -> 78 | G55: =(A55 * 1.007276) + (F55 * 1.008665) + (L55 * 0.00054858) -> 134.10622 | H55: =(G55-(A55*'Atomic Particles'!C1))/'Atomic Particles'!C2+A55 -> 133.02978 | I55: =0.529177210544 * (M55^2 / (A55 - AG55)) -> 0.96214038 | J55: =(('Atomic Particles'!C1)*A55)+(('Atomic Particles'!C56)*Elements!F2) -> 55.400247 | K55: =(E55^(1/3))*Constants!B2 -> 6.3805859e-15 | L55: 55 | M55: 2 | N55: 2 | O55: 6 | P55: 2 | Q55: 6 | R55: 10 | S55: 2 | T55: 6 | U55: 10 | W55: 2 | X55: 6 | AA55: 1 | AF55: 6 | AG55: =IF(A55=1, 0, IF(A55=2, 0.3, IF(A55<=10, 0.35*(N55+O55-1)+0.85*M55, IF(A55<=18, 0.35*(P55+Q55-1)+0.85*(N55+O55)+M55, IF(A55<=36, 0.35*(S55+T55-1)+0.85*(P55+Q55+R55)+(M55+N55+O55), IF(A55<=54, 0.35*(W55+X55-1)+0.85*(S55+T55+U55)+(M55+N55+O55+P55+Q55+R55), IF(A55<=86, 0.35*(AA55+AB55-1)+0.85*(W55+X55+Y55+Z55)+(M55+N55+O55+P55+Q55+R55+S55+T55+U55+V55), IF(A55<=118, 0.35*(AD55+AE55-1)+0.85*(AA55+AB55+AC55)+(M55+N55+O55+P55+Q55+R55+S55+T55+U55+V55+W55+X55+Y55+Z55), 0)))))))) -> 52.8 | AH55: =(G55 * 1.6605E-24) / (AI55 * 1E-24) -> 59.687566 | AI55: =(4/3) * PI() * (I55^3) -> 3.7308169 | AJ55: =(A55*1.67262192369E-27 + F55*1.67492749804E-27 + L55*9.1093837015E-31) / 1.6605390666E-27 -> 134.10624 | AM55: =A55 - L55 -> 0 | AN55: =A55-AG55 -> 2.2 | AO55: =4 * PI() * 8.854187817E-12 * (I55 * 0.0000000001)^3 -> 9.9100061e-41 | AP55: =AO55 * 10^12 -> 9.9100061e-29 | AQ55: =(1 / (2 * 3.14159265358979)) * SQRT((A55 * (1.602176634E-19^2)) / ((AI55 * 1E-30) * 9.1093837015E-31 * 8.8541878128E-12)) -> 3.4473949e+16 | AR55: =I55 * 350 -> 336.74913 | AS55: =299792458000000000 / AQ55 -> 8.6962029
A56: 56 | B56: Barium | C56: Ba | D56: Alkali Earth Metal | E56: 135 | F56: =E56-A56 -> 79 | G56: =(A56 * 1.007276) + (F56 * 1.008665) + (L56 * 0.00054858) -> 136.12271 | H56: =(G56-(A56*'Atomic Particles'!C1))/'Atomic Particles'!C2+A56 -> 135.03032 | I56: =0.529177210544 * (M56^2 / (A56 - AG56)) -> 0.74270486 | J56: =(('Atomic Particles'!C1)*A56)+(('Atomic Particles'!C57)*Elements!F2) -> 56.407524 | K56: =(E56^(1/3))*Constants!B2 -> 6.4124098e-15 | L56: 56 | M56: 2 | N56: 2 | O56: 6 | P56: 2 | Q56: 6 | R56: 10 | S56: 2 | T56: 6 | U56: 10 | W56: 2 | X56: 6 | AA56: 2 | AF56: 6 | AG56: =IF(A56=1, 0, IF(A56=2, 0.3, IF(A56<=10, 0.35*(N56+O56-1)+0.85*M56, IF(A56<=18, 0.35*(P56+Q56-1)+0.85*(N56+O56)+M56, IF(A56<=36, 0.35*(S56+T56-1)+0.85*(P56+Q56+R56)+(M56+N56+O56), IF(A56<=54, 0.35*(W56+X56-1)+0.85*(S56+T56+U56)+(M56+N56+O56+P56+Q56+R56), IF(A56<=86, 0.35*(AA56+AB56-1)+0.85*(W56+X56+Y56+Z56)+(M56+N56+O56+P56+Q56+R56+S56+T56+U56+V56), IF(A56<=118, 0.35*(AD56+AE56-1)+0.85*(AA56+AB56+AC56)+(M56+N56+O56+P56+Q56+R56+S56+T56+U56+V56+W56+X56+Y56+Z56), 0)))))))) -> 53.15 | AH56: =(G56 * 1.6605E-24) / (AI56 * 1E-24) -> 131.71404 | AI56: =(4/3) * PI() * (I56^3) -> 1.7160795 | AJ56: =(A56*1.67262192369E-27 + F56*1.67492749804E-27 + L56*9.1093837015E-31) / 1.6605390666E-27 -> 136.12273 | AM56: =A56 - L56 -> 0 | AN56: =A56-AG56 -> 2.85 | AO56: =4 * PI() * 8.854187817E-12 * (I56 * 0.0000000001)^3 -> 4.558347e-41 | AP56: =AO56 * 10^12 -> 4.558347e-29 | AQ56: =(1 / (2 * 3.14159265358979)) * SQRT((A56 * (1.602176634E-19^2)) / ((AI56 * 1E-30) * 9.1093837015E-31 * 8.8541878128E-12)) -> 5.1290505e+16 | AR56: =I56 * 350 -> 259.9467 | AS56: =299792458000000000 / AQ56 -> 5.8449894
A57: 57 | B57: Lanthanum | C57: La | D57: Lanthanoids | E57: 138 | F57: =E57-A57 -> 81 | G57: =(A57 * 1.007276) + (F57 * 1.008665) + (L57 * 0.00054858) -> 139.14787 | H57: =(G57-(A57*'Atomic Particles'!C1))/'Atomic Particles'!C2+A57 -> 138.03086 | I57: =0.529177210544 * (M57^2 / (A57 - AG57)) -> 0.70556961 | J57: =(('Atomic Particles'!C1)*A57)+(('Atomic Particles'!C58)*Elements!F2) -> 57.414801 | K57: =(E57^(1/3))*Constants!B2 -> 6.4595616e-15 | L57: 57 | M57: 2 | N57: 2 | O57: 6 | P57: 2 | Q57: 6 | R57: 10 | S57: 2 | T57: 6 | U57: 10 | W57: 2 | X57: 6 | Y57: 1 | AA57: 2 | AF57: 6 | AG57: =IF(A57=1, 0, IF(A57=2, 0.3, IF(A57<=10, 0.35*(N57+O57-1)+0.85*M57, IF(A57<=18, 0.35*(P57+Q57-1)+0.85*(N57+O57)+M57, IF(A57<=36, 0.35*(S57+T57-1)+0.85*(P57+Q57+R57)+(M57+N57+O57), IF(A57<=54, 0.35*(W57+X57-1)+0.85*(S57+T57+U57)+(M57+N57+O57+P57+Q57+R57), IF(A57<=86, 0.35*(AA57+AB57-1)+0.85*(W57+X57+Y57+Z57)+(M57+N57+O57+P57+Q57+R57+S57+T57+U57+V57), IF(A57<=118, 0.35*(AD57+AE57-1)+0.85*(AA57+AB57+AC57)+(M57+N57+O57+P57+Q57+R57+S57+T57+U57+V57+W57+X57+Y57+Z57), 0)))))))) -> 54 | AH57: =(G57 * 1.6605E-24) / (AI57 * 1E-24) -> 157.03889 | AI57: =(4/3) * PI() * (I57^3) -> 1.4713237 | AJ57: =(A57*1.67262192369E-27 + F57*1.67492749804E-27 + L57*9.1093837015E-31) / 1.6605390666E-27 -> 139.14789 | AM57: =A57 - L57 -> 0 | AN57: =A57-AG57 -> 3 | AO57: =4 * PI() * 8.854187817E-12 * (I57 * 0.0000000001)^3 -> 3.9082128e-41 | AP57: =AO57 * 10^12 -> 3.9082128e-29 | AQ57: =(1 / (2 * 3.14159265358979)) * SQRT((A57 * (1.602176634E-19^2)) / ((AI57 * 1E-30) * 9.1093837015E-31 * 8.8541878128E-12)) -> 5.5884965e+16 | AR57: =I57 * 350 -> 246.94936 | AS57: =299792458000000000 / AQ57 -> 5.3644564
A58: 58 | B58: Cerium | C58: Ce | D58: Lanthanoids | E58: 138 | F58: =E58-A58 -> 80 | G58: =(A58 * 1.007276) + (F58 * 1.008665) + (L58 * 0.00054858) -> 139.14703 | H58: =(G58-(A58*'Atomic Particles'!C1))/'Atomic Particles'!C2+A58 -> 138.0314 | I58: =0.529177210544 * (M58^2 / (A58 - AG58)) -> 0.70556961 | J58: =(('Atomic Particles'!C1)*A58)+(('Atomic Particles'!C59)*Elements!F2) -> 58.422078 | K58: =(E58^(1/3))*Constants!B2 -> 6.4595616e-15 | L58: 58 | M58: 2 | N58: 2 | O58: 6 | P58: 2 | Q58: 6 | R58: 10 | S58: 2 | T58: 6 | U58: 10 | V58: 1 | W58: 2 | X58: 6 | Y58: 1 | AA58: 2 | AF58: 6 | AG58: =IF(A58=1, 0, IF(A58=2, 0.3, IF(A58<=10, 0.35*(N58+O58-1)+0.85*M58, IF(A58<=18, 0.35*(P58+Q58-1)+0.85*(N58+O58)+M58, IF(A58<=36, 0.35*(S58+T58-1)+0.85*(P58+Q58+R58)+(M58+N58+O58), IF(A58<=54, 0.35*(W58+X58-1)+0.85*(S58+T58+U58)+(M58+N58+O58+P58+Q58+R58), IF(A58<=86, 0.35*(AA58+AB58-1)+0.85*(W58+X58+Y58+Z58)+(M58+N58+O58+P58+Q58+R58+S58+T58+U58+V58), IF(A58<=118, 0.35*(AD58+AE58-1)+0.85*(AA58+AB58+AC58)+(M58+N58+O58+P58+Q58+R58+S58+T58+U58+V58+W58+X58+Y58+Z58), 0)))))))) -> 55 | AH58: =(G58 * 1.6605E-24) / (AI58 * 1E-24) -> 157.03794 | AI58: =(4/3) * PI() * (I58^3) -> 1.4713237 | AJ58: =(A58*1.67262192369E-27 + F58*1.67492749804E-27 + L58*9.1093837015E-31) / 1.6605390666E-27 -> 139.14705 | AM58: =A58 - L58 -> 0 | AN58: =A58-AG58 -> 3 | AO58: =4 * PI() * 8.854187817E-12 * (I58 * 0.0000000001)^3 -> 3.9082128e-41 | AP58: =AO58 * 10^12 -> 3.9082128e-29 | AQ58: =(1 / (2 * 3.14159265358979)) * SQRT((A58 * (1.602176634E-19^2)) / ((AI58 * 1E-30) * 9.1093837015E-31 * 8.8541878128E-12)) -> 5.6373052e+16 | AR58: =I58 * 350 -> 246.94936 | AS58: =299792458000000000 / AQ58 -> 5.31801
A59: 59 | B59: Praseodymium | C59: Pr | D59: Lanthanoids | E59: 141 | F59: =E59-A59 -> 82 | G59: =(A59 * 1.007276) + (F59 * 1.008665) + (L59 * 0.00054858) -> 142.17218 | H59: =(G59-(A59*'Atomic Particles'!C1))/'Atomic Particles'!C2+A59 -> 141.03194 | I59: =0.529177210544 * (M59^2 / (A59 - AG59)) -> 0.74270486 | J59: =(('Atomic Particles'!C1)*A59)+(('Atomic Particles'!C2)*Elements!F59) -> 142.13996 | K59: =(E59^(1/3))*Constants!B2 -> 6.5060348e-15 | L59: 59 | M59: 2 | N59: 2 | O59: 6 | P59: 2 | Q59: 6 | R59: 10 | S59: 2 | T59: 6 | U59: 10 | V59: 3 | W59: 2 | X59: 6 | AA59: 2 | AF59: 6 | AG59: =IF(A59=1, 0, IF(A59=2, 0.3, IF(A59<=10, 0.35*(N59+O59-1)+0.85*M59, IF(A59<=18, 0.35*(P59+Q59-1)+0.85*(N59+O59)+M59, IF(A59<=36, 0.35*(S59+T59-1)+0.85*(P59+Q59+R59)+(M59+N59+O59), IF(A59<=54, 0.35*(W59+X59-1)+0.85*(S59+T59+U59)+(M59+N59+O59+P59+Q59+R59), IF(A59<=86, 0.35*(AA59+AB59-1)+0.85*(W59+X59+Y59+Z59)+(M59+N59+O59+P59+Q59+R59+S59+T59+U59+V59), IF(A59<=118, 0.35*(AD59+AE59-1)+0.85*(AA59+AB59+AC59)+(M59+N59+O59+P59+Q59+R59+S59+T59+U59+V59+W59+X59+Y59+Z59), 0)))))))) -> 56.15 | AH59: =(G59 * 1.6605E-24) / (AI59 * 1E-24) -> 137.56758 | AI59: =(4/3) * PI() * (I59^3) -> 1.7160795 | AJ59: =(A59*1.67262192369E-27 + F59*1.67492749804E-27 + L59*9.1093837015E-31) / 1.6605390666E-27 -> 142.1722 | AM59: =A59 - L59 -> 0 | AN59: =A59-AG59 -> 2.85 | AO59: =4 * PI() * 8.854187817E-12 * (I59 * 0.0000000001)^3 -> 4.558347e-41 | AP59: =AO59 * 10^12 -> 4.558347e-29 | AQ59: =(1 / (2 * 3.14159265358979)) * SQRT((A59 * (1.602176634E-19^2)) / ((AI59 * 1E-30) * 9.1093837015E-31 * 8.8541878128E-12)) -> 5.2646435e+16 | AR59: =I59 * 350 -> 259.9467 | AS59: =299792458000000000 / AQ59 -> 5.6944494
A60: 60 | B60: Neodymium | C60: Nd | D60: Lanthanoids | E60: 143 | F60: =E60-A60 -> 83 | G60: =(A60 * 1.007276) + (F60 * 1.008665) + (L60 * 0.00054858) -> 144.18867 | H60: =(G60-(A60*'Atomic Particles'!C1))/'Atomic Particles'!C2+A60 -> 143.03248 | I60: =0.529177210544 * (M60^2 / (A60 - AG60)) -> 0.74270486 | J60: =(('Atomic Particles'!C1)*A60)+(('Atomic Particles'!C2)*Elements!F60) -> 144.1559 | K60: =(E60^(1/3))*Constants!B2 -> 6.5366519e-15 | L60: 60 | M60: 2 | N60: 2 | O60: 6 | P60: 2 | Q60: 6 | R60: 10 | S60: 2 | T60: 6 | U60: 10 | V60: 4 | W60: 2 | X60: 6 | AA60: 2 | AF60: 6 | AG60: =IF(A60=1, 0, IF(A60=2, 0.3, IF(A60<=10, 0.35*(N60+O60-1)+0.85*M60, IF(A60<=18, 0.35*(P60+Q60-1)+0.85*(N60+O60)+M60, IF(A60<=36, 0.35*(S60+T60-1)+0.85*(P60+Q60+R60)+(M60+N60+O60), IF(A60<=54, 0.35*(W60+X60-1)+0.85*(S60+T60+U60)+(M60+N60+O60+P60+Q60+R60), IF(A60<=86, 0.35*(AA60+AB60-1)+0.85*(W60+X60+Y60+Z60)+(M60+N60+O60+P60+Q60+R60+S60+T60+U60+V60), IF(A60<=118, 0.35*(AD60+AE60-1)+0.85*(AA60+AB60+AC60)+(M60+N60+O60+P60+Q60+R60+S60+T60+U60+V60+W60+X60+Y60+Z60), 0)))))))) -> 57.15 | AH60: =(G60 * 1.6605E-24) / (AI60 * 1E-24) -> 139.51876 | AI60: =(4/3) * PI() * (I60^3) -> 1.7160795 | AJ60: =(A60*1.67262192369E-27 + F60*1.67492749804E-27 + L60*9.1093837015E-31) / 1.6605390666E-27 -> 144.18869 | AM60: =A60 - L60 -> 0 | AN60: =A60-AG60 -> 2.85 | AO60: =4 * PI() * 8.854187817E-12 * (I60 * 0.0000000001)^3 -> 4.558347e-41 | AP60: =AO60 * 10^12 -> 4.558347e-29 | AQ60: =(1 / (2 * 3.14159265358979)) * SQRT((A60 * (1.602176634E-19^2)) / ((AI60 * 1E-30) * 9.1093837015E-31 * 8.8541878128E-12)) -> 5.3090717e+16 | AR60: =I60 * 350 -> 259.9467 | AS60: =299792458000000000 / AQ60 -> 5.6467962
A61: 61 | B61: Promethium | C61: Pm | D61: Lanthanoids | E61: 145 | F61: =E61-A61 -> 84 | G61: =(A61 * 1.007276) + (F61 * 1.008665) + (L61 * 0.00054858) -> 146.20516 | H61: =(G61-(A61*'Atomic Particles'!C1))/'Atomic Particles'!C2+A61 -> 145.03303 | I61: =0.529177210544 * (M61^2 / (A61 - AG61)) -> 0.74270486 | J61: =(('Atomic Particles'!C1)*A61)+(('Atomic Particles'!C2)*Elements!F61) -> 146.17185 | K61: =(E61^(1/3))*Constants!B2 -> 6.5669848e-15 | L61: 61 | M61: 2 | N61: 2 | O61: 6 | P61: 2 | Q61: 6 | R61: 10 | S61: 2 | T61: 6 | U61: 10 | V61: 5 | W61: 2 | X61: 6 | AA61: 2 | AF61: 6 | AG61: =IF(A61=1, 0, IF(A61=2, 0.3, IF(A61<=10, 0.35*(N61+O61-1)+0.85*M61, IF(A61<=18, 0.35*(P61+Q61-1)+0.85*(N61+O61)+M61, IF(A61<=36, 0.35*(S61+T61-1)+0.85*(P61+Q61+R61)+(M61+N61+O61), IF(A61<=54, 0.35*(W61+X61-1)+0.85*(S61+T61+U61)+(M61+N61+O61+P61+Q61+R61), IF(A61<=86, 0.35*(AA61+AB61-1)+0.85*(W61+X61+Y61+Z61)+(M61+N61+O61+P61+Q61+R61+S61+T61+U61+V61), IF(A61<=118, 0.35*(AD61+AE61-1)+0.85*(AA61+AB61+AC61)+(M61+N61+O61+P61+Q61+R61+S61+T61+U61+V61+W61+X61+Y61+Z61), 0)))))))) -> 58.15 | AH61: =(G61 * 1.6605E-24) / (AI61 * 1E-24) -> 141.46994 | AI61: =(4/3) * PI() * (I61^3) -> 1.7160795 | AJ61: =(A61*1.67262192369E-27 + F61*1.67492749804E-27 + L61*9.1093837015E-31) / 1.6605390666E-27 -> 146.20518 | AM61: =A61 - L61 -> 0 | AN61: =A61-AG61 -> 2.85 | AO61: =4 * PI() * 8.854187817E-12 * (I61 * 0.0000000001)^3 -> 4.558347e-41 | AP61: =AO61 * 10^12 -> 4.558347e-29 | AQ61: =(1 / (2 * 3.14159265358979)) * SQRT((A61 * (1.602176634E-19^2)) / ((AI61 * 1E-30) * 9.1093837015E-31 * 8.8541878128E-12)) -> 5.3531311e+16 | AR61: =I61 * 350 -> 259.9467 | AS61: =299792458000000000 / AQ61 -> 5.6003197
A62: 62 | B62: Samarium | C62: Sm | D62: Lanthanoids | E62: 147 | F62: =E62-A62 -> 85 | G62: =(A62 * 1.007276) + (F62 * 1.008665) + (L62 * 0.00054858) -> 148.22165 | H62: =(G62-(A62*'Atomic Particles'!C1))/'Atomic Particles'!C2+A62 -> 147.03357 | I62: =0.529177210544 * (M62^2 / (A62 - AG62)) -> 0.74270486 | J62: =(('Atomic Particles'!C1)*A62)+(('Atomic Particles'!C2)*Elements!F62) -> 148.18779 | K62: =(E62^(1/3))*Constants!B2 -> 6.5970401e-15 | L62: 62 | M62: 2 | N62: 2 | O62: 6 | P62: 2 | Q62: 6 | R62: 10 | S62: 2 | T62: 6 | U62: 10 | V62: 6 | W62: 2 | X62: 6 | AA62: 2 | AF62: 6 | AG62: =IF(A62=1, 0, IF(A62=2, 0.3, IF(A62<=10, 0.35*(N62+O62-1)+0.85*M62, IF(A62<=18, 0.35*(P62+Q62-1)+0.85*(N62+O62)+M62, IF(A62<=36, 0.35*(S62+T62-1)+0.85*(P62+Q62+R62)+(M62+N62+O62), IF(A62<=54, 0.35*(W62+X62-1)+0.85*(S62+T62+U62)+(M62+N62+O62+P62+Q62+R62), IF(A62<=86, 0.35*(AA62+AB62-1)+0.85*(W62+X62+Y62+Z62)+(M62+N62+O62+P62+Q62+R62+S62+T62+U62+V62), IF(A62<=118, 0.35*(AD62+AE62-1)+0.85*(AA62+AB62+AC62)+(M62+N62+O62+P62+Q62+R62+S62+T62+U62+V62+W62+X62+Y62+Z62), 0)))))))) -> 59.15 | AH62: =(G62 * 1.6605E-24) / (AI62 * 1E-24) -> 143.42112 | AI62: =(4/3) * PI() * (I62^3) -> 1.7160795 | AJ62: =(A62*1.67262192369E-27 + F62*1.67492749804E-27 + L62*9.1093837015E-31) / 1.6605390666E-27 -> 148.22167 | AM62: =A62 - L62 -> 0 | AN62: =A62-AG62 -> 2.85 | AO62: =4 * PI() * 8.854187817E-12 * (I62 * 0.0000000001)^3 -> 4.558347e-41 | AP62: =AO62 * 10^12 -> 4.558347e-29 | AQ62: =(1 / (2 * 3.14159265358979)) * SQRT((A62 * (1.602176634E-19^2)) / ((AI62 * 1E-30) * 9.1093837015E-31 * 8.8541878128E-12)) -> 5.3968309e+16 | AR62: =I62 * 350 -> 259.9467 | AS62: =299792458000000000 / AQ62 -> 5.5549723
A63: 63 | B63: Europium | C63: Eu | D63: Lanthanoids | E63: 153 | F63: =E63-A63 -> 90 | G63: =(A63 * 1.007276) + (F63 * 1.008665) + (L63 * 0.00054858) -> 154.2728 | H63: =(G63-(A63*'Atomic Particles'!C1))/'Atomic Particles'!C2+A63 -> 153.03411 | I63: =0.529177210544 * (M63^2 / (A63 - AG63)) -> 0.74270486 | J63: =(('Atomic Particles'!C1)*A63)+(('Atomic Particles'!C2)*Elements!F63) -> 154.2384 | K63: =(E63^(1/3))*Constants!B2 -> 6.6856016e-15 | L63: 63 | M63: 2 | N63: 2 | O63: 6 | P63: 2 | Q63: 6 | R63: 10 | S63: 2 | T63: 6 | U63: 10 | V63: 7 | W63: 2 | X63: 6 | AA63: 2 | AF63: 6 | AG63: =IF(A63=1, 0, IF(A63=2, 0.3, IF(A63<=10, 0.35*(N63+O63-1)+0.85*M63, IF(A63<=18, 0.35*(P63+Q63-1)+0.85*(N63+O63)+M63, IF(A63<=36, 0.35*(S63+T63-1)+0.85*(P63+Q63+R63)+(M63+N63+O63), IF(A63<=54, 0.35*(W63+X63-1)+0.85*(S63+T63+U63)+(M63+N63+O63+P63+Q63+R63), IF(A63<=86, 0.35*(AA63+AB63-1)+0.85*(W63+X63+Y63+Z63)+(M63+N63+O63+P63+Q63+R63+S63+T63+U63+V63), IF(A63<=118, 0.35*(AD63+AE63-1)+0.85*(AA63+AB63+AC63)+(M63+N63+O63+P63+Q63+R63+S63+T63+U63+V63+W63+X63+Y63+Z63), 0)))))))) -> 60.15 | AH63: =(G63 * 1.6605E-24) / (AI63 * 1E-24) -> 149.27629 | AI63: =(4/3) * PI() * (I63^3) -> 1.7160795 | AJ63: =(A63*1.67262192369E-27 + F63*1.67492749804E-27 + L63*9.1093837015E-31) / 1.6605390666E-27 -> 154.27282 | AM63: =A63 - L63 -> 0 | AN63: =A63-AG63 -> 2.85 | AO63: =4 * PI() * 8.854187817E-12 * (I63 * 0.0000000001)^3 -> 4.558347e-41 | AP63: =AO63 * 10^12 -> 4.558347e-29 | AQ63: =(1 / (2 * 3.14159265358979)) * SQRT((A63 * (1.602176634E-19^2)) / ((AI63 * 1E-30) * 9.1093837015E-31 * 8.8541878128E-12)) -> 5.4401796e+16 | AR63: =I63 * 350 -> 259.9467 | AS63: =299792458000000000 / AQ63 -> 5.5107088
A64: 64 | B64: Gadolinium | C64: Gd | D64: Lanthanoids | E64: 152 | F64: =E64-A64 -> 88 | G64: =(A64 * 1.007276) + (F64 * 1.008665) + (L64 * 0.00054858) -> 153.26329 | H64: =(G64-(A64*'Atomic Particles'!C1))/'Atomic Particles'!C2+A64 -> 152.03465 | I64: =0.529177210544 * (M64^2 / (A64 - AG64)) -> 0.70556961 | J64: =(('Atomic Particles'!C1)*A64)+(('Atomic Particles'!C2)*Elements!F64) -> 153.22834 | K64: =(E64^(1/3))*Constants!B2 -> 6.6710041e-15 | L64: 64 | M64: 2 | N64: 2 | O64: 6 | P64: 2 | Q64: 6 | R64: 10 | S64: 2 | T64: 6 | U64: 10 | V64: 7 | W64: 2 | X64: 6 | Y64: 1 | AA64: 2 | AF64: 6 | AG64: =IF(A64=1, 0, IF(A64=2, 0.3, IF(A64<=10, 0.35*(N64+O64-1)+0.85*M64, IF(A64<=18, 0.35*(P64+Q64-1)+0.85*(N64+O64)+M64, IF(A64<=36, 0.35*(S64+T64-1)+0.85*(P64+Q64+R64)+(M64+N64+O64), IF(A64<=54, 0.35*(W64+X64-1)+0.85*(S64+T64+U64)+(M64+N64+O64+P64+Q64+R64), IF(A64<=86, 0.35*(AA64+AB64-1)+0.85*(W64+X64+Y64+Z64)+(M64+N64+O64+P64+Q64+R64+S64+T64+U64+V64), IF(A64<=118, 0.35*(AD64+AE64-1)+0.85*(AA64+AB64+AC64)+(M64+N64+O64+P64+Q64+R64+S64+T64+U64+V64+W64+X64+Y64+Z64), 0)))))))) -> 61 | AH64: =(G64 * 1.6605E-24) / (AI64 * 1E-24) -> 172.96922 | AI64: =(4/3) * PI() * (I64^3) -> 1.4713237 | AJ64: =(A64*1.67262192369E-27 + F64*1.67492749804E-27 + L64*9.1093837015E-31) / 1.6605390666E-27 -> 153.26332 | AM64: =A64 - L64 -> 0 | AN64: =A64-AG64 -> 3 | AO64: =4 * PI() * 8.854187817E-12 * (I64 * 0.0000000001)^3 -> 3.9082128e-41 | AP64: =AO64 * 10^12 -> 3.9082128e-29 | AQ64: =(1 / (2 * 3.14159265358979)) * SQRT((A64 * (1.602176634E-19^2)) / ((AI64 * 1E-30) * 9.1093837015E-31 * 8.8541878128E-12)) -> 5.9217155e+16 | AR64: =I64 * 350 -> 246.94936 | AS64: =299792458000000000 / AQ64 -> 5.0625947
A65: 65 | B65: Terbium | C65: Tb | D65: Lanthanoids | E65: 159 | F65: =E65-A65 -> 94 | G65: =(A65 * 1.007276) + (F65 * 1.008665) + (L65 * 0.00054858) -> 160.32311 | H65: =(G65-(A65*'Atomic Particles'!C1))/'Atomic Particles'!C2+A65 -> 159.03519 | I65: =0.529177210544 * (M65^2 / (A65 - AG65)) -> 0.74270486 | J65: =(('Atomic Particles'!C1)*A65)+(('Atomic Particles'!C2)*Elements!F65) -> 160.28762 | K65: =(E65^(1/3))*Constants!B2 -> 6.7718769e-15 | L65: 65 | M65: 2 | N65: 2 | O65: 6 | P65: 2 | Q65: 6 | R65: 10 | S65: 2 | T65: 6 | U65: 10 | V65: 9 | W65: 2 | X65: 6 | AA65: 2 | AF65: 6 | AG65: =IF(A65=1, 0, IF(A65=2, 0.3, IF(A65<=10, 0.35*(N65+O65-1)+0.85*M65, IF(A65<=18, 0.35*(P65+Q65-1)+0.85*(N65+O65)+M65, IF(A65<=36, 0.35*(S65+T65-1)+0.85*(P65+Q65+R65)+(M65+N65+O65), IF(A65<=54, 0.35*(W65+X65-1)+0.85*(S65+T65+U65)+(M65+N65+O65+P65+Q65+R65), IF(A65<=86, 0.35*(AA65+AB65-1)+0.85*(W65+X65+Y65+Z65)+(M65+N65+O65+P65+Q65+R65+S65+T65+U65+V65), IF(A65<=118, 0.35*(AD65+AE65-1)+0.85*(AA65+AB65+AC65)+(M65+N65+O65+P65+Q65+R65+S65+T65+U65+V65+W65+X65+Y65+Z65), 0)))))))) -> 62.15 | AH65: =(G65 * 1.6605E-24) / (AI65 * 1E-24) -> 155.13065 | AI65: =(4/3) * PI() * (I65^3) -> 1.7160795 | AJ65: =(A65*1.67262192369E-27 + F65*1.67492749804E-27 + L65*9.1093837015E-31) / 1.6605390666E-27 -> 160.32313 | AM65: =A65 - L65 -> 0 | AN65: =A65-AG65 -> 2.85 | AO65: =4 * PI() * 8.854187817E-12 * (I65 * 0.0000000001)^3 -> 4.558347e-41 | AP65: =AO65 * 10^12 -> 4.558347e-29 | AQ65: =(1 / (2 * 3.14159265358979)) * SQRT((A65 * (1.602176634E-19^2)) / ((AI65 * 1E-30) * 9.1093837015E-31 * 8.8541878128E-12)) -> 5.525857e+16 | AR65: =I65 * 350 -> 259.9467 | AS65: =299792458000000000 / AQ65 -> 5.4252663
A66: 66 | B66: Dysprosium | C66: Dy | D66: Lanthanoids | E66: 161 | F66: =E66-A66 -> 95 | G66: =(A66 * 1.007276) + (F66 * 1.008665) + (L66 * 0.00054858) -> 162.3396 | H66: =(G66-(A66*'Atomic Particles'!C1))/'Atomic Particles'!C2+A66 -> 161.03573 | I66: =0.529177210544 * (M66^2 / (A66 - AG66)) -> 0.74270486 | J66: =(('Atomic Particles'!C1)*A66)+(('Atomic Particles'!C2)*Elements!F66) -> 162.30356 | K66: =(E66^(1/3))*Constants!B2 -> 6.8001523e-15 | L66: 66 | M66: 2 | N66: 2 | O66: 6 | P66: 2 | Q66: 6 | R66: 10 | S66: 2 | T66: 6 | U66: 10 | V66: 10 | W66: 2 | X66: 6 | AA66: 2 | AF66: 6 | AG66: =IF(A66=1, 0, IF(A66=2, 0.3, IF(A66<=10, 0.35*(N66+O66-1)+0.85*M66, IF(A66<=18, 0.35*(P66+Q66-1)+0.85*(N66+O66)+M66, IF(A66<=36, 0.35*(S66+T66-1)+0.85*(P66+Q66+R66)+(M66+N66+O66), IF(A66<=54, 0.35*(W66+X66-1)+0.85*(S66+T66+U66)+(M66+N66+O66+P66+Q66+R66), IF(A66<=86, 0.35*(AA66+AB66-1)+0.85*(W66+X66+Y66+Z66)+(M66+N66+O66+P66+Q66+R66+S66+T66+U66+V66), IF(A66<=118, 0.35*(AD66+AE66-1)+0.85*(AA66+AB66+AC66)+(M66+N66+O66+P66+Q66+R66+S66+T66+U66+V66+W66+X66+Y66+Z66), 0)))))))) -> 63.15 | AH66: =(G66 * 1.6605E-24) / (AI66 * 1E-24) -> 157.08183 | AI66: =(4/3) * PI() * (I66^3) -> 1.7160795 | AJ66: =(A66*1.67262192369E-27 + F66*1.67492749804E-27 + L66*9.1093837015E-31) / 1.6605390666E-27 -> 162.33962 | AM66: =A66 - L66 -> 0 | AN66: =A66-AG66 -> 2.85 | AO66: =4 * PI() * 8.854187817E-12 * (I66 * 0.0000000001)^3 -> 4.558347e-41 | AP66: =AO66 * 10^12 -> 4.558347e-29 | AQ66: =(1 / (2 * 3.14159265358979)) * SQRT((A66 * (1.602176634E-19^2)) / ((AI66 * 1E-30) * 9.1093837015E-31 * 8.8541878128E-12)) -> 5.5682013e+16 | AR66: =I66 * 350 -> 259.9467 | AS66: =299792458000000000 / AQ66 -> 5.384009
A67: 67 | B67: Holmium | C67: Ho | D67: Lanthanoids | E67: 165 | F67: =E67-A67 -> 98 | G67: =(A67 * 1.007276) + (F67 * 1.008665) + (L67 * 0.00054858) -> 166.37342 | H67: =(G67-(A67*'Atomic Particles'!C1))/'Atomic Particles'!C2+A67 -> 165.03627 | I67: =0.529177210544 * (M67^2 / (A67 - AG67)) -> 0.74270486 | J67: =(('Atomic Particles'!C1)*A67)+(('Atomic Particles'!C2)*Elements!F67) -> 166.33683 | K67: =(E67^(1/3))*Constants!B2 -> 6.8560082e-15 | L67: 67 | M67: 2 | N67: 2 | O67: 6 | P67: 2 | Q67: 6 | R67: 10 | S67: 2 | T67: 6 | U67: 10 | V67: 11 | W67: 2 | X67: 6 | AA67: 2 | AF67: 6 | AG67: =IF(A67=1, 0, IF(A67=2, 0.3, IF(A67<=10, 0.35*(N67+O67-1)+0.85*M67, IF(A67<=18, 0.35*(P67+Q67-1)+0.85*(N67+O67)+M67, IF(A67<=36, 0.35*(S67+T67-1)+0.85*(P67+Q67+R67)+(M67+N67+O67), IF(A67<=54, 0.35*(W67+X67-1)+0.85*(S67+T67+U67)+(M67+N67+O67+P67+Q67+R67), IF(A67<=86, 0.35*(AA67+AB67-1)+0.85*(W67+X67+Y67+Z67)+(M67+N67+O67+P67+Q67+R67+S67+T67+U67+V67), IF(A67<=118, 0.35*(AD67+AE67-1)+0.85*(AA67+AB67+AC67)+(M67+N67+O67+P67+Q67+R67+S67+T67+U67+V67+W67+X67+Y67+Z67), 0)))))))) -> 64.15 | AH67: =(G67 * 1.6605E-24) / (AI67 * 1E-24) -> 160.985 | AI67: =(4/3) * PI() * (I67^3) -> 1.7160795 | AJ67: =(A67*1.67262192369E-27 + F67*1.67492749804E-27 + L67*9.1093837015E-31) / 1.6605390666E-27 -> 166.37344 | AM67: =A67 - L67 -> 0 | AN67: =A67-AG67 -> 2.85 | AO67: =4 * PI() * 8.854187817E-12 * (I67 * 0.0000000001)^3 -> 4.558347e-41 | AP67: =AO67 * 10^12 -> 4.558347e-29 | AQ67: =(1 / (2 * 3.14159265358979)) * SQRT((A67 * (1.602176634E-19^2)) / ((AI67 * 1E-30) * 9.1093837015E-31 * 8.8541878128E-12)) -> 5.6102261e+16 | AR67: =I67 * 350 -> 259.9467 | AS67: =299792458000000000 / AQ67 -> 5.3436787
A68: 68 | B68: Erbium | C68: Er | D68: Lanthanoids | E68: 166 | F68: =E68-A68 -> 98 | G68: =(A68 * 1.007276) + (F68 * 1.008665) + (L68 * 0.00054858) -> 167.38124 | H68: =(G68-(A68*'Atomic Particles'!C1))/'Atomic Particles'!C2+A68 -> 166.03681 | I68: =0.529177210544 * (M68^2 / (A68 - AG68)) -> 0.74270486 | J68: =(('Atomic Particles'!C1)*A68)+(('Atomic Particles'!C2)*Elements!F68) -> 167.34411 | K68: =(E68^(1/3))*Constants!B2 -> 6.8698308e-15 | L68: 68 | M68: 2 | N68: 2 | O68: 6 | P68: 2 | Q68: 6 | R68: 10 | S68: 2 | T68: 6 | U68: 10 | V68: 12 | W68: 2 | X68: 6 | AA68: 2 | AF68: 6 | AG68: =IF(A68=1, 0, IF(A68=2, 0.3, IF(A68<=10, 0.35*(N68+O68-1)+0.85*M68, IF(A68<=18, 0.35*(P68+Q68-1)+0.85*(N68+O68)+M68, IF(A68<=36, 0.35*(S68+T68-1)+0.85*(P68+Q68+R68)+(M68+N68+O68), IF(A68<=54, 0.35*(W68+X68-1)+0.85*(S68+T68+U68)+(M68+N68+O68+P68+Q68+R68), IF(A68<=86, 0.35*(AA68+AB68-1)+0.85*(W68+X68+Y68+Z68)+(M68+N68+O68+P68+Q68+R68+S68+T68+U68+V68), IF(A68<=118, 0.35*(AD68+AE68-1)+0.85*(AA68+AB68+AC68)+(M68+N68+O68+P68+Q68+R68+S68+T68+U68+V68+W68+X68+Y68+Z68), 0)))))))) -> 65.15 | AH68: =(G68 * 1.6605E-24) / (AI68 * 1E-24) -> 161.96018 | AI68: =(4/3) * PI() * (I68^3) -> 1.7160795 | AJ68: =(A68*1.67262192369E-27 + F68*1.67492749804E-27 + L68*9.1093837015E-31) / 1.6605390666E-27 -> 167.38126 | AM68: =A68 - L68 -> 0 | AN68: =A68-AG68 -> 2.85 | AO68: =4 * PI() * 8.854187817E-12 * (I68 * 0.0000000001)^3 -> 4.558347e-41 | AP68: =AO68 * 10^12 -> 4.558347e-29 | AQ68: =(1 / (2 * 3.14159265358979)) * SQRT((A68 * (1.602176634E-19^2)) / ((AI68 * 1E-30) * 9.1093837015E-31 * 8.8541878128E-12)) -> 5.6519384e+16 | AR68: =I68 * 350 -> 259.9467 | AS68: =299792458000000000 / AQ68 -> 5.3042414
A69: 69 | B69: Thulium | C69: Tm | D69: Lanthanoids | E69: 169 | F69: =E69-A69 -> 100 | G69: =(A69 * 1.007276) + (F69 * 1.008665) + (L69 * 0.00054858) -> 170.4064 | H69: =(G69-(A69*'Atomic Particles'!C1))/'Atomic Particles'!C2+A69 -> 169.03735 | I69: =0.529177210544 * (M69^2 / (A69 - AG69)) -> 0.74270486 | J69: =(('Atomic Particles'!C1)*A69)+(('Atomic Particles'!C2)*Elements!F69) -> 170.36872 | K69: =(E69^(1/3))*Constants!B2 -> 6.9109685e-15 | L69: 69 | M69: 2 | N69: 2 | O69: 6 | P69: 2 | Q69: 6 | R69: 10 | S69: 2 | T69: 6 | U69: 10 | V69: 13 | W69: 2 | X69: 6 | AA69: 2 | AF69: 6 | AG69: =IF(A69=1, 0, IF(A69=2, 0.3, IF(A69<=10, 0.35*(N69+O69-1)+0.85*M69, IF(A69<=18, 0.35*(P69+Q69-1)+0.85*(N69+O69)+M69, IF(A69<=36, 0.35*(S69+T69-1)+0.85*(P69+Q69+R69)+(M69+N69+O69), IF(A69<=54, 0.35*(W69+X69-1)+0.85*(S69+T69+U69)+(M69+N69+O69+P69+Q69+R69), IF(A69<=86, 0.35*(AA69+AB69-1)+0.85*(W69+X69+Y69+Z69)+(M69+N69+O69+P69+Q69+R69+S69+T69+U69+V69), IF(A69<=118, 0.35*(AD69+AE69-1)+0.85*(AA69+AB69+AC69)+(M69+N69+O69+P69+Q69+R69+S69+T69+U69+V69+W69+X69+Y69+Z69), 0)))))))) -> 66.15 | AH69: =(G69 * 1.6605E-24) / (AI69 * 1E-24) -> 164.88736 | AI69: =(4/3) * PI() * (I69^3) -> 1.7160795 | AJ69: =(A69*1.67262192369E-27 + F69*1.67492749804E-27 + L69*9.1093837015E-31) / 1.6605390666E-27 -> 170.40642 | AM69: =A69 - L69 -> 0 | AN69: =A69-AG69 -> 2.85 | AO69: =4 * PI() * 8.854187817E-12 * (I69 * 0.0000000001)^3 -> 4.558347e-41 | AP69: =AO69 * 10^12 -> 4.558347e-29 | AQ69: =(1 / (2 * 3.14159265358979)) * SQRT((A69 * (1.602176634E-19^2)) / ((AI69 * 1E-30) * 9.1093837015E-31 * 8.8541878128E-12)) -> 5.6933451e+16 | AR69: =I69 * 350 -> 259.9467 | AS69: =299792458000000000 / AQ69 -> 5.2656646
A70: 70 | B70: Ytterbium | C70: Yb | D70: Lanthanoids | E70: 171 | F70: =E70-A70 -> 101 | G70: =(A70 * 1.007276) + (F70 * 1.008665) + (L70 * 0.00054858) -> 172.42289 | H70: =(G70-(A70*'Atomic Particles'!C1))/'Atomic Particles'!C2+A70 -> 171.03789 | I70: =0.529177210544 * (M70^2 / (A70 - AG70)) -> 0.74270486 | J70: =(('Atomic Particles'!C1)*A70)+(('Atomic Particles'!C2)*Elements!F70) -> 172.38466 | K70: =(E70^(1/3))*Constants!B2 -> 6.9381239e-15 | L70: 70 | M70: 2 | N70: 2 | O70: 6 | P70: 2 | Q70: 6 | R70: 10 | S70: 2 | T70: 6 | U70: 10 | V70: 14 | W70: 2 | X70: 6 | AA70: 2 | AF70: 6 | AG70: =IF(A70=1, 0, IF(A70=2, 0.3, IF(A70<=10, 0.35*(N70+O70-1)+0.85*M70, IF(A70<=18, 0.35*(P70+Q70-1)+0.85*(N70+O70)+M70, IF(A70<=36, 0.35*(S70+T70-1)+0.85*(P70+Q70+R70)+(M70+N70+O70), IF(A70<=54, 0.35*(W70+X70-1)+0.85*(S70+T70+U70)+(M70+N70+O70+P70+Q70+R70), IF(A70<=86, 0.35*(AA70+AB70-1)+0.85*(W70+X70+Y70+Z70)+(M70+N70+O70+P70+Q70+R70+S70+T70+U70+V70), IF(A70<=118, 0.35*(AD70+AE70-1)+0.85*(AA70+AB70+AC70)+(M70+N70+O70+P70+Q70+R70+S70+T70+U70+V70+W70+X70+Y70+Z70), 0)))))))) -> 67.15 | AH70: =(G70 * 1.6605E-24) / (AI70 * 1E-24) -> 166.83854 | AI70: =(4/3) * PI() * (I70^3) -> 1.7160795 | AJ70: =(A70*1.67262192369E-27 + F70*1.67492749804E-27 + L70*9.1093837015E-31) / 1.6605390666E-27 -> 172.42291 | AM70: =A70 - L70 -> 0 | AN70: =A70-AG70 -> 2.85 | AO70: =4 * PI() * 8.854187817E-12 * (I70 * 0.0000000001)^3 -> 4.558347e-41 | AP70: =AO70 * 10^12 -> 4.558347e-29 | AQ70: =(1 / (2 * 3.14159265358979)) * SQRT((A70 * (1.602176634E-19^2)) / ((AI70 * 1E-30) * 9.1093837015E-31 * 8.8541878128E-12)) -> 5.7344528e+16 | AR70: =I70 * 350 -> 259.9467 | AS70: =299792458000000000 / AQ70 -> 5.2279174
A71: 71 | B71: Lutetium | C71: Lu | D71: Lanthanoids | E71: 175 | F71: =E71-A71 -> 104 | G71: =(A71 * 1.007276) + (F71 * 1.008665) + (L71 * 0.00054858) -> 176.45671 | H71: =(G71-(A71*'Atomic Particles'!C1))/'Atomic Particles'!C2+A71 -> 175.03843 | I71: =0.529177210544 * (M71^2 / (A71 - AG71)) -> 0.70556961 | J71: =(('Atomic Particles'!C1)*A71)+(('Atomic Particles'!C2)*Elements!F71) -> 176.41794 | K71: =(E71^(1/3))*Constants!B2 -> 6.9918059e-15 | L71: 71 | M71: 2 | N71: 2 | O71: 6 | P71: 2 | Q71: 6 | R71: 10 | S71: 2 | T71: 6 | U71: 10 | V71: 14 | W71: 2 | X71: 6 | Y71: 1 | AA71: 2 | AF71: 6 | AG71: =IF(A71=1, 0, IF(A71=2, 0.3, IF(A71<=10, 0.35*(N71+O71-1)+0.85*M71, IF(A71<=18, 0.35*(P71+Q71-1)+0.85*(N71+O71)+M71, IF(A71<=36, 0.35*(S71+T71-1)+0.85*(P71+Q71+R71)+(M71+N71+O71), IF(A71<=54, 0.35*(W71+X71-1)+0.85*(S71+T71+U71)+(M71+N71+O71+P71+Q71+R71), IF(A71<=86, 0.35*(AA71+AB71-1)+0.85*(W71+X71+Y71+Z71)+(M71+N71+O71+P71+Q71+R71+S71+T71+U71+V71), IF(A71<=118, 0.35*(AD71+AE71-1)+0.85*(AA71+AB71+AC71)+(M71+N71+O71+P71+Q71+R71+S71+T71+U71+V71+W71+X71+Y71+Z71), 0)))))))) -> 68 | AH71: =(G71 * 1.6605E-24) / (AI71 * 1E-24) -> 199.14473 | AI71: =(4/3) * PI() * (I71^3) -> 1.4713237 | AJ71: =(A71*1.67262192369E-27 + F71*1.67492749804E-27 + L71*9.1093837015E-31) / 1.6605390666E-27 -> 176.45673 | AM71: =A71 - L71 -> 0 | AN71: =A71-AG71 -> 3 | AO71: =4 * PI() * 8.854187817E-12 * (I71 * 0.0000000001)^3 -> 3.9082128e-41 | AP71: =AO71 * 10^12 -> 3.9082128e-29 | AQ71: =(1 / (2 * 3.14159265358979)) * SQRT((A71 * (1.602176634E-19^2)) / ((AI71 * 1E-30) * 9.1093837015E-31 * 8.8541878128E-12)) -> 6.2371578e+16 | AR71: =I71 * 350 -> 246.94936 | AS71: =299792458000000000 / AQ71 -> 4.8065556
A72: 72 | B72: Hafnium | C72: Hf | D72: Transition Metals | E72: 177 | F72: =E72-A72 -> 105 | G72: =(A72 * 1.007276) + (F72 * 1.008665) + (L72 * 0.00054858) -> 178.47319 | H72: =(G72-(A72*'Atomic Particles'!C1))/'Atomic Particles'!C2+A72 -> 177.03898 | I72: =0.529177210544 * (M72^2 / (A72 - AG72)) -> 0.67197106 | J72: =(('Atomic Particles'!C1)*A72)+(('Atomic Particles'!C2)*Elements!F72) -> 178.43388 | K72: =(E72^(1/3))*Constants!B2 -> 7.0183405e-15 | L72: 72 | M72: 2 | N72: 2 | O72: 6 | P72: 2 | Q72: 6 | R72: 10 | S72: 2 | T72: 6 | U72: 10 | V72: 14 | W72: 2 | X72: 6 | Y72: 2 | AA72: 2 | AF72: 6 | AG72: =IF(A72=1, 0, IF(A72=2, 0.3, IF(A72<=10, 0.35*(N72+O72-1)+0.85*M72, IF(A72<=18, 0.35*(P72+Q72-1)+0.85*(N72+O72)+M72, IF(A72<=36, 0.35*(S72+T72-1)+0.85*(P72+Q72+R72)+(M72+N72+O72), IF(A72<=54, 0.35*(W72+X72-1)+0.85*(S72+T72+U72)+(M72+N72+O72+P72+Q72+R72), IF(A72<=86, 0.35*(AA72+AB72-1)+0.85*(W72+X72+Y72+Z72)+(M72+N72+O72+P72+Q72+R72+S72+T72+U72+V72), IF(A72<=118, 0.35*(AD72+AE72-1)+0.85*(AA72+AB72+AC72)+(M72+N72+O72+P72+Q72+R72+S72+T72+U72+V72+W72+X72+Y72+Z72), 0)))))))) -> 68.85 | AH72: =(G72 * 1.6605E-24) / (AI72 * 1E-24) -> 233.1694 | AI72: =(4/3) * PI() * (I72^3) -> 1.2709847 | AJ72: =(A72*1.67262192369E-27 + F72*1.67492749804E-27 + L72*9.1093837015E-31) / 1.6605390666E-27 -> 178.47322 | AM72: =A72 - L72 -> 0 | AN72: =A72-AG72 -> 3.15 | AO72: =4 * PI() * 8.854187817E-12 * (I72 * 0.0000000001)^3 -> 3.3760612e-41 | AP72: =AO72 * 10^12 -> 3.3760612e-29 | AQ72: =(1 / (2 * 3.14159265358979)) * SQRT((A72 * (1.602176634E-19^2)) / ((AI72 * 1E-30) * 9.1093837015E-31 * 8.8541878128E-12)) -> 6.7578376e+16 | AR72: =I72 * 350 -> 235.18987 | AS72: =299792458000000000 / AQ72 -> 4.4362187
A73: 73 | B73: Tantalum | C73: Ta | D73: Transition Metals | E73: 180 | F73: =E73-A73 -> 107 | G73: =(A73 * 1.007276) + (F73 * 1.008665) + (L73 * 0.00054858) -> 181.49835 | H73: =(G73-(A73*'Atomic Particles'!C1))/'Atomic Particles'!C2+A73 -> 180.03952 | I73: =0.529177210544 * (M73^2 / (A73 - AG73)) -> 0.64142692 | J73: =(('Atomic Particles'!C1)*A73)+(('Atomic Particles'!C2)*Elements!F73) -> 181.45849 | K73: =(E73^(1/3))*Constants!B2 -> 7.0577702e-15 | L73: 73 | M73: 2 | N73: 2 | O73: 6 | P73: 2 | Q73: 6 | R73: 10 | S73: 2 | T73: 6 | U73: 10 | V73: 14 | W73: 2 | X73: 6 | Y73: 3 | AA73: 2 | AF73: 6 | AG73: =IF(A73=1, 0, IF(A73=2, 0.3, IF(A73<=10, 0.35*(N73+O73-1)+0.85*M73, IF(A73<=18, 0.35*(P73+Q73-1)+0.85*(N73+O73)+M73, IF(A73<=36, 0.35*(S73+T73-1)+0.85*(P73+Q73+R73)+(M73+N73+O73), IF(A73<=54, 0.35*(W73+X73-1)+0.85*(S73+T73+U73)+(M73+N73+O73+P73+Q73+R73), IF(A73<=86, 0.35*(AA73+AB73-1)+0.85*(W73+X73+Y73+Z73)+(M73+N73+O73+P73+Q73+R73+S73+T73+U73+V73), IF(A73<=118, 0.35*(AD73+AE73-1)+0.85*(AA73+AB73+AC73)+(M73+N73+O73+P73+Q73+R73+S73+T73+U73+V73+W73+X73+Y73+Z73), 0)))))))) -> 69.7 | AH73: =(G73 * 1.6605E-24) / (AI73 * 1E-24) -> 272.63487 | AI73: =(4/3) * PI() * (I73^3) -> 1.1054272 | AJ73: =(A73*1.67262192369E-27 + F73*1.67492749804E-27 + L73*9.1093837015E-31) / 1.6605390666E-27 -> 181.49837 | AM73: =A73 - L73 -> 0 | AN73: =A73-AG73 -> 3.3 | AO73: =4 * PI() * 8.854187817E-12 * (I73 * 0.0000000001)^3 -> 2.9362981e-41 | AP73: =AO73 * 10^12 -> 2.9362981e-29 | AQ73: =(1 / (2 * 3.14159265358979)) * SQRT((A73 * (1.602176634E-19^2)) / ((AI73 * 1E-30) * 9.1093837015E-31 * 8.8541878128E-12)) -> 7.2963895e+16 | AR73: =I73 * 350 -> 224.49942 | AS73: =299792458000000000 / AQ73 -> 4.1087781
A74: 74 | B74: Tungsten | C74: W | D74: Transition Metals | E74: 180 | F74: =E74-A74 -> 106 | G74: =(A74 * 1.007276) + (F74 * 1.008665) + (L74 * 0.00054858) -> 181.49751 | H74: =(G74-(A74*'Atomic Particles'!C1))/'Atomic Particles'!C2+A74 -> 180.04006 | I74: =0.529177210544 * (M74^2 / (A74 - AG74)) -> 0.61353879 | J74: =(('Atomic Particles'!C1)*A74)+(('Atomic Particles'!C2)*Elements!F74) -> 181.4571 | K74: =(E74^(1/3))*Constants!B2 -> 7.0577702e-15 | L74: 74 | M74: 2 | N74: 2 | O74: 6 | P74: 2 | Q74: 6 | R74: 10 | S74: 2 | T74: 6 | U74: 10 | V74: 14 | W74: 2 | X74: 6 | Y74: 4 | AA74: 2 | AF74: 6 | AG74: =IF(A74=1, 0, IF(A74=2, 0.3, IF(A74<=10, 0.35*(N74+O74-1)+0.85*M74, IF(A74<=18, 0.35*(P74+Q74-1)+0.85*(N74+O74)+M74, IF(A74<=36, 0.35*(S74+T74-1)+0.85*(P74+Q74+R74)+(M74+N74+O74), IF(A74<=54, 0.35*(W74+X74-1)+0.85*(S74+T74+U74)+(M74+N74+O74+P74+Q74+R74), IF(A74<=86, 0.35*(AA74+AB74-1)+0.85*(W74+X74+Y74+Z74)+(M74+N74+O74+P74+Q74+R74+S74+T74+U74+V74), IF(A74<=118, 0.35*(AD74+AE74-1)+0.85*(AA74+AB74+AC74)+(M74+N74+O74+P74+Q74+R74+S74+T74+U74+V74+W74+X74+Y74+Z74), 0)))))))) -> 70.55 | AH74: =(G74 * 1.6605E-24) / (AI74 * 1E-24) -> 311.5264 | AI74: =(4/3) * PI() * (I74^3) -> 0.96741919 | AJ74: =(A74*1.67262192369E-27 + F74*1.67492749804E-27 + L74*9.1093837015E-31) / 1.6605390666E-27 -> 181.49753 | AM74: =A74 - L74 -> 0 | AN74: =A74-AG74 -> 3.45 | AO74: =4 * PI() * 8.854187817E-12 * (I74 * 0.0000000001)^3 -> 2.5697134e-41 | AP74: =AO74 * 10^12 -> 2.5697134e-29 | AQ74: =(1 / (2 * 3.14159265358979)) * SQRT((A74 * (1.602176634E-19^2)) / ((AI74 * 1E-30) * 9.1093837015E-31 * 8.8541878128E-12)) -> 7.8527211e+16 | AR74: =I74 * 350 -> 214.73858 | AS74: =299792458000000000 / AQ74 -> 3.8176888
A75: 75 | B75: Rhenium | C75: Re | D75: Transition Metals | E75: 185 | F75: =E75-A75 -> 110 | G75: =(A75 * 1.007276) + (F75 * 1.008665) + (L75 * 0.00054858) -> 186.53999 | H75: =(G75-(A75*'Atomic Particles'!C1))/'Atomic Particles'!C2+A75 -> 185.0406 | I75: =0.529177210544 * (M75^2 / (A75 - AG75)) -> 0.58797468 | J75: =(('Atomic Particles'!C1)*A75)+(('Atomic Particles'!C2)*Elements!F75) -> 186.49904 | K75: =(E75^(1/3))*Constants!B2 -> 7.122524e-15 | L75: 75 | M75: 2 | N75: 2 | O75: 6 | P75: 2 | Q75: 6 | R75: 10 | S75: 2 | T75: 6 | U75: 10 | V75: 14 | W75: 2 | X75: 6 | Y75: 5 | AA75: 2 | AF75: 6 | AG75: =IF(A75=1, 0, IF(A75=2, 0.3, IF(A75<=10, 0.35*(N75+O75-1)+0.85*M75, IF(A75<=18, 0.35*(P75+Q75-1)+0.85*(N75+O75)+M75, IF(A75<=36, 0.35*(S75+T75-1)+0.85*(P75+Q75+R75)+(M75+N75+O75), IF(A75<=54, 0.35*(W75+X75-1)+0.85*(S75+T75+U75)+(M75+N75+O75+P75+Q75+R75), IF(A75<=86, 0.35*(AA75+AB75-1)+0.85*(W75+X75+Y75+Z75)+(M75+N75+O75+P75+Q75+R75+S75+T75+U75+V75), IF(A75<=118, 0.35*(AD75+AE75-1)+0.85*(AA75+AB75+AC75)+(M75+N75+O75+P75+Q75+R75+S75+T75+U75+V75+W75+X75+Y75+Z75), 0)))))))) -> 71.4 | AH75: =(G75 * 1.6605E-24) / (AI75 * 1E-24) -> 363.78632 | AI75: =(4/3) * PI() * (I75^3) -> 0.85146045 | AJ75: =(A75*1.67262192369E-27 + F75*1.67492749804E-27 + L75*9.1093837015E-31) / 1.6605390666E-27 -> 186.54002 | AM75: =A75 - L75 -> 0 | AN75: =A75-AG75 -> 3.6 | AO75: =4 * PI() * 8.854187817E-12 * (I75 * 0.0000000001)^3 -> 2.2616972e-41 | AP75: =AO75 * 10^12 -> 2.2616972e-29 | AQ75: =(1 / (2 * 3.14159265358979)) * SQRT((A75 * (1.602176634E-19^2)) / ((AI75 * 1E-30) * 9.1093837015E-31 * 8.8541878128E-12)) -> 8.4267489e+16 | AR75: =I75 * 350 -> 205.79114 | AS75: =299792458000000000 / AQ75 -> 3.5576289
A76: 76 | B76: Osmium | C76: Os | D76: Transition Metals | E76: 188 | F76: =E76-A76 -> 112 | G76: =(A76 * 1.007276) + (F76 * 1.008665) + (L76 * 0.00054858) -> 189.56515 | H76: =(G76-(A76*'Atomic Particles'!C1))/'Atomic Particles'!C2+A76 -> 188.04114 | I76: =0.529177210544 * (M76^2 / (A76 - AG76)) -> 0.56445569 | J76: =(('Atomic Particles'!C1)*A76)+(('Atomic Particles'!C2)*Elements!F76) -> 189.52365 | K76: =(E76^(1/3))*Constants!B2 -> 7.1608179e-15 | L76: 76 | M76: 2 | N76: 2 | O76: 6 | P76: 2 | Q76: 6 | R76: 10 | S76: 2 | T76: 6 | U76: 10 | V76: 14 | W76: 2 | X76: 6 | Y76: 6 | AA76: 2 | AF76: 6 | AG76: =IF(A76=1, 0, IF(A76=2, 0.3, IF(A76<=10, 0.35*(N76+O76-1)+0.85*M76, IF(A76<=18, 0.35*(P76+Q76-1)+0.85*(N76+O76)+M76, IF(A76<=36, 0.35*(S76+T76-1)+0.85*(P76+Q76+R76)+(M76+N76+O76), IF(A76<=54, 0.35*(W76+X76-1)+0.85*(S76+T76+U76)+(M76+N76+O76+P76+Q76+R76), IF(A76<=86, 0.35*(AA76+AB76-1)+0.85*(W76+X76+Y76+Z76)+(M76+N76+O76+P76+Q76+R76+S76+T76+U76+V76), IF(A76<=118, 0.35*(AD76+AE76-1)+0.85*(AA76+AB76+AC76)+(M76+N76+O76+P76+Q76+R76+S76+T76+U76+V76+W76+X76+Y76+Z76), 0)))))))) -> 72.25 | AH76: =(G76 * 1.6605E-24) / (AI76 * 1E-24) -> 417.84884 | AI76: =(4/3) * PI() * (I76^3) -> 0.75331771 | AJ76: =(A76*1.67262192369E-27 + F76*1.67492749804E-27 + L76*9.1093837015E-31) / 1.6605390666E-27 -> 189.56517 | AM76: =A76 - L76 -> 0 | AN76: =A76-AG76 -> 3.75 | AO76: =4 * PI() * 8.854187817E-12 * (I76 * 0.0000000001)^3 -> 2.0010049e-41 | AP76: =AO76 * 10^12 -> 2.0010049e-29 | AQ76: =(1 / (2 * 3.14159265358979)) * SQRT((A76 * (1.602176634E-19^2)) / ((AI76 * 1E-30) * 9.1093837015E-31 * 8.8541878128E-12)) -> 9.0183974e+16 | AR76: =I76 * 350 -> 197.55949 | AS76: =299792458000000000 / AQ76 -> 3.3242321
A77: 77 | B77: Iridium | C77: Ir | D77: Transition Metals | E77: 193 | F77: =E77-A77 -> 116 | G77: =(A77 * 1.007276) + (F77 * 1.008665) + (L77 * 0.00054858) -> 194.60763 | H77: =(G77-(A77*'Atomic Particles'!C1))/'Atomic Particles'!C2+A77 -> 193.04168 | I77: =0.529177210544 * (M77^2 / (A77 - AG77)) -> 0.54274586 | J77: =(('Atomic Particles'!C1)*A77)+(('Atomic Particles'!C2)*Elements!F77) -> 194.56559 | K77: =(E77^(1/3))*Constants!B2 -> 7.2237457e-15 | L77: 77 | M77: 2 | N77: 2 | O77: 6 | P77: 2 | Q77: 6 | R77: 10 | S77: 2 | T77: 6 | U77: 10 | V77: 14 | W77: 2 | X77: 6 | Y77: 7 | AA77: 2 | AF77: 6 | AG77: =IF(A77=1, 0, IF(A77=2, 0.3, IF(A77<=10, 0.35*(N77+O77-1)+0.85*M77, IF(A77<=18, 0.35*(P77+Q77-1)+0.85*(N77+O77)+M77, IF(A77<=36, 0.35*(S77+T77-1)+0.85*(P77+Q77+R77)+(M77+N77+O77), IF(A77<=54, 0.35*(W77+X77-1)+0.85*(S77+T77+U77)+(M77+N77+O77+P77+Q77+R77), IF(A77<=86, 0.35*(AA77+AB77-1)+0.85*(W77+X77+Y77+Z77)+(M77+N77+O77+P77+Q77+R77+S77+T77+U77+V77), IF(A77<=118, 0.35*(AD77+AE77-1)+0.85*(AA77+AB77+AC77)+(M77+N77+O77+P77+Q77+R77+S77+T77+U77+V77+W77+X77+Y77+Z77), 0)))))))) -> 73.1 | AH77: =(G77 * 1.6605E-24) / (AI77 * 1E-24) -> 482.52586 | AI77: =(4/3) * PI() * (I77^3) -> 0.6696967 | AJ77: =(A77*1.67262192369E-27 + F77*1.67492749804E-27 + L77*9.1093837015E-31) / 1.6605390666E-27 -> 194.60766 | AM77: =A77 - L77 -> 0 | AN77: =A77-AG77 -> 3.9 | AO77: =4 * PI() * 8.854187817E-12 * (I77 * 0.0000000001)^3 -> 1.7788861e-41 | AP77: =AO77 * 10^12 -> 1.7788861e-29 | AQ77: =(1 / (2 * 3.14159265358979)) * SQRT((A77 * (1.602176634E-19^2)) / ((AI77 * 1E-30) * 9.1093837015E-31 * 8.8541878128E-12)) -> 9.6275979e+16 | AR77: =I77 * 350 -> 189.96105 | AS77: =299792458000000000 / AQ77 -> 3.1138864
A78: 78 | B78: Platinum | C78: Pt | D78: Transition Metals | E78: 194 | F78: =E78-A78 -> 116 | G78: =(A78 * 1.007276) + (F78 * 1.008665) + (L78 * 0.00054858) -> 195.61546 | H78: =(G78-(A78*'Atomic Particles'!C1))/'Atomic Particles'!C2+A78 -> 194.04222 | I78: =0.529177210544 * (M78^2 / (A78 - AG78)) -> 0.59625601 | J78: =(('Atomic Particles'!C1)*A78)+(('Atomic Particles'!C2)*Elements!F78) -> 195.57287 | K78: =(E78^(1/3))*Constants!B2 -> 7.2362005e-15 | L78: 78 | M78: 2 | N78: 2 | O78: 6 | P78: 2 | Q78: 6 | R78: 10 | S78: 2 | T78: 6 | U78: 10 | V78: 14 | W78: 2 | X78: 6 | Y78: 9 | AA78: 1 | AF78: 6 | AG78: =IF(A78=1, 0, IF(A78=2, 0.3, IF(A78<=10, 0.35*(N78+O78-1)+0.85*M78, IF(A78<=18, 0.35*(P78+Q78-1)+0.85*(N78+O78)+M78, IF(A78<=36, 0.35*(S78+T78-1)+0.85*(P78+Q78+R78)+(M78+N78+O78), IF(A78<=54, 0.35*(W78+X78-1)+0.85*(S78+T78+U78)+(M78+N78+O78+P78+Q78+R78), IF(A78<=86, 0.35*(AA78+AB78-1)+0.85*(W78+X78+Y78+Z78)+(M78+N78+O78+P78+Q78+R78+S78+T78+U78+V78), IF(A78<=118, 0.35*(AD78+AE78-1)+0.85*(AA78+AB78+AC78)+(M78+N78+O78+P78+Q78+R78+S78+T78+U78+V78+W78+X78+Y78+Z78), 0)))))))) -> 74.45 | AH78: =(G78 * 1.6605E-24) / (AI78 * 1E-24) -> 365.80962 | AI78: =(4/3) * PI() * (I78^3) -> 0.88794675 | AJ78: =(A78*1.67262192369E-27 + F78*1.67492749804E-27 + L78*9.1093837015E-31) / 1.6605390666E-27 -> 195.61548 | AM78: =A78 - L78 -> 0 | AN78: =A78-AG78 -> 3.55 | AO78: =4 * PI() * 8.854187817E-12 * (I78 * 0.0000000001)^3 -> 2.3586142e-41 | AP78: =AO78 * 10^12 -> 2.3586142e-29 | AQ78: =(1 / (2 * 3.14159265358979)) * SQRT((A78 * (1.602176634E-19^2)) / ((AI78 * 1E-30) * 9.1093837015E-31 * 8.8541878128E-12)) -> 8.4152206e+16 | AR78: =I78 * 350 -> 208.6896 | AS78: =299792458000000000 / AQ78 -> 3.5625027
A79: 79 | B79: Gold | C79: Au | D79: Transition Metals | E79: 197 | F79: =E79-A79 -> 118 | G79: =(A79 * 1.007276) + (F79 * 1.008665) + (L79 * 0.00054858) -> 198.64061 | H79: =(G79-(A79*'Atomic Particles'!C1))/'Atomic Particles'!C2+A79 -> 197.04276 | I79: =0.529177210544 * (M79^2 / (A79 - AG79)) -> 0.57208347 | J79: =(('Atomic Particles'!C1)*A79)+(('Atomic Particles'!C2)*Elements!F79) -> 198.59748 | K79: =(E79^(1/3))*Constants!B2 -> 7.2733098e-15 | L79: 79 | M79: 2 | N79: 2 | O79: 6 | P79: 2 | Q79: 6 | R79: 10 | S79: 2 | T79: 6 | U79: 10 | V79: 14 | W79: 2 | X79: 6 | Y79: 10 | AA79: 1 | AF79: 6 | AG79: =IF(A79=1, 0, IF(A79=2, 0.3, IF(A79<=10, 0.35*(N79+O79-1)+0.85*M79, IF(A79<=18, 0.35*(P79+Q79-1)+0.85*(N79+O79)+M79, IF(A79<=36, 0.35*(S79+T79-1)+0.85*(P79+Q79+R79)+(M79+N79+O79), IF(A79<=54, 0.35*(W79+X79-1)+0.85*(S79+T79+U79)+(M79+N79+O79+P79+Q79+R79), IF(A79<=86, 0.35*(AA79+AB79-1)+0.85*(W79+X79+Y79+Z79)+(M79+N79+O79+P79+Q79+R79+S79+T79+U79+V79), IF(A79<=118, 0.35*(AD79+AE79-1)+0.85*(AA79+AB79+AC79)+(M79+N79+O79+P79+Q79+R79+S79+T79+U79+V79+W79+X79+Y79+Z79), 0)))))))) -> 75.3 | AH79: =(G79 * 1.6605E-24) / (AI79 * 1E-24) -> 420.57177 | AI79: =(4/3) * PI() * (I79^3) -> 0.78427218 | AJ79: =(A79*1.67262192369E-27 + F79*1.67492749804E-27 + L79*9.1093837015E-31) / 1.6605390666E-27 -> 198.64064 | AM79: =A79 - L79 -> 0 | AN79: =A79-AG79 -> 3.7 | AO79: =4 * PI() * 8.854187817E-12 * (I79 * 0.0000000001)^3 -> 2.083228e-41 | AP79: =AO79 * 10^12 -> 2.083228e-29 | AQ79: =(1 / (2 * 3.14159265358979)) * SQRT((A79 * (1.602176634E-19^2)) / ((AI79 * 1E-30) * 9.1093837015E-31 * 8.8541878128E-12)) -> 9.0113904e+16 | AR79: =I79 * 350 -> 200.22921 | AS79: =299792458000000000 / AQ79 -> 3.3268169
A80: 80 | B80: Mercury | C80: Hg | D80: Transition Metals | E80: 196 | F80: =E80-A80 -> 116 | G80: =(A80 * 1.007276) + (F80 * 1.008665) + (L80 * 0.00054858) -> 197.63111 | H80: =(G80-(A80*'Atomic Particles'!C1))/'Atomic Particles'!C2+A80 -> 196.04331 | I80: =0.529177210544 * (M80^2 / (A80 - AG80)) -> 0.48659973 | J80: =(('Atomic Particles'!C1)*A80)+(('Atomic Particles'!C2)*Elements!F80) -> 197.58742 | K80: =(E80^(1/3))*Constants!B2 -> 7.2609822e-15 | L80: 80 | M80: 2 | N80: 2 | O80: 6 | P80: 2 | Q80: 6 | R80: 10 | S80: 2 | T80: 6 | U80: 10 | V80: 14 | W80: 2 | X80: 6 | Y80: 10 | AA80: 2 | AF80: 6 | AG80: =IF(A80=1, 0, IF(A80=2, 0.3, IF(A80<=10, 0.35*(N80+O80-1)+0.85*M80, IF(A80<=18, 0.35*(P80+Q80-1)+0.85*(N80+O80)+M80, IF(A80<=36, 0.35*(S80+T80-1)+0.85*(P80+Q80+R80)+(M80+N80+O80), IF(A80<=54, 0.35*(W80+X80-1)+0.85*(S80+T80+U80)+(M80+N80+O80+P80+Q80+R80), IF(A80<=86, 0.35*(AA80+AB80-1)+0.85*(W80+X80+Y80+Z80)+(M80+N80+O80+P80+Q80+R80+S80+T80+U80+V80), IF(A80<=118, 0.35*(AD80+AE80-1)+0.85*(AA80+AB80+AC80)+(M80+N80+O80+P80+Q80+R80+S80+T80+U80+V80+W80+X80+Y80+Z80), 0)))))))) -> 75.65 | AH80: =(G80 * 1.6605E-24) / (AI80 * 1E-24) -> 679.97034 | AI80: =(4/3) * PI() * (I80^3) -> 0.48261877 | AJ80: =(A80*1.67262192369E-27 + F80*1.67492749804E-27 + L80*9.1093837015E-31) / 1.6605390666E-27 -> 197.63113 | AM80: =A80 - L80 -> 0 | AN80: =A80-AG80 -> 4.35 | AO80: =4 * PI() * 8.854187817E-12 * (I80 * 0.0000000001)^3 -> 1.2819592e-41 | AP80: =AO80 * 10^12 -> 1.2819592e-29 | AQ80: =(1 / (2 * 3.14159265358979)) * SQRT((A80 * (1.602176634E-19^2)) / ((AI80 * 1E-30) * 9.1093837015E-31 * 8.8541878128E-12)) -> 1.1559913e+17 | AR80: =I80 * 350 -> 170.30991 | AS80: =299792458000000000 / AQ80 -> 2.59338
A81: 81 | B81: Thallium | C81: Tl | D81: Post-transitional Metals | E81: 205 | F81: =E81-A81 -> 124 | G81: =(A81 * 1.007276) + (F81 * 1.008665) + (L81 * 0.00054858) -> 206.70825 | H81: =(G81-(A81*'Atomic Particles'!C1))/'Atomic Particles'!C2+A81 -> 205.04384 | I81: =0.529177210544 * (M81^2 / (A81 - AG81)) -> 0.42334177 | J81: =(('Atomic Particles'!C1)*A81)+(('Atomic Particles'!C2)*Elements!F81) -> 206.66403 | K81: =(E81^(1/3))*Constants!B2 -> 7.3704607e-15 | L81: 81 | M81: 2 | N81: 2 | O81: 6 | P81: 2 | Q81: 6 | R81: 10 | S81: 2 | T81: 6 | U81: 10 | V81: 14 | W81: 2 | X81: 6 | Y81: 10 | AA81: 2 | AB81: 1 | AF81: 6 | AG81: =IF(A81=1, 0, IF(A81=2, 0.3, IF(A81<=10, 0.35*(N81+O81-1)+0.85*M81, IF(A81<=18, 0.35*(P81+Q81-1)+0.85*(N81+O81)+M81, IF(A81<=36, 0.35*(S81+T81-1)+0.85*(P81+Q81+R81)+(M81+N81+O81), IF(A81<=54, 0.35*(W81+X81-1)+0.85*(S81+T81+U81)+(M81+N81+O81+P81+Q81+R81), IF(A81<=86, 0.35*(AA81+AB81-1)+0.85*(W81+X81+Y81+Z81)+(M81+N81+O81+P81+Q81+R81+S81+T81+U81+V81), IF(A81<=118, 0.35*(AD81+AE81-1)+0.85*(AA81+AB81+AC81)+(M81+N81+O81+P81+Q81+R81+S81+T81+U81+V81+W81+X81+Y81+Z81), 0)))))))) -> 76 | AH81: =(G81 * 1.6605E-24) / (AI81 * 1E-24) -> 1080.0273 | AI81: =(4/3) * PI() * (I81^3) -> 0.31780591 | AJ81: =(A81*1.67262192369E-27 + F81*1.67492749804E-27 + L81*9.1093837015E-31) / 1.6605390666E-27 -> 206.70828 | AM81: =A81 - L81 -> 0 | AN81: =A81-AG81 -> 5 | AO81: =4 * PI() * 8.854187817E-12 * (I81 * 0.0000000001)^3 -> 8.4417396e-42 | AP81: =AO81 * 10^12 -> 8.4417396e-30 | AQ81: =(1 / (2 * 3.14159265358979)) * SQRT((A81 * (1.602176634E-19^2)) / ((AI81 * 1E-30) * 9.1093837015E-31 * 8.8541878128E-12)) -> 1.4334191e+17 | AR81: =I81 * 350 -> 148.16962 | AS81: =299792458000000000 / AQ81 -> 2.0914501
A82: 82 | B82: Lead | C82: Pb | D82: Post-transitional Metals | E82: 204 | F82: =E82-A82 -> 122 | G82: =(A82 * 1.007276) + (F82 * 1.008665) + (L82 * 0.00054858) -> 205.69875 | H82: =(G82-(A82*'Atomic Particles'!C1))/'Atomic Particles'!C2+A82 -> 204.04439 | I82: =0.529177210544 * (M82^2 / (A82 - AG82)) -> 0.37463873 | J82: =(('Atomic Particles'!C1)*A82)+(('Atomic Particles'!C2)*Elements!F82) -> 205.65397 | K82: =(E82^(1/3))*Constants!B2 -> 7.3584566e-15 | L82: 82 | M82: 2 | N82: 2 | O82: 6 | P82: 2 | Q82: 6 | R82: 10 | S82: 2 | T82: 6 | U82: 10 | V82: 14 | W82: 2 | X82: 6 | Y82: 10 | AA82: 2 | AB82: 2 | AF82: 6 | AG82: =IF(A82=1, 0, IF(A82=2, 0.3, IF(A82<=10, 0.35*(N82+O82-1)+0.85*M82, IF(A82<=18, 0.35*(P82+Q82-1)+0.85*(N82+O82)+M82, IF(A82<=36, 0.35*(S82+T82-1)+0.85*(P82+Q82+R82)+(M82+N82+O82), IF(A82<=54, 0.35*(W82+X82-1)+0.85*(S82+T82+U82)+(M82+N82+O82+P82+Q82+R82), IF(A82<=86, 0.35*(AA82+AB82-1)+0.85*(W82+X82+Y82+Z82)+(M82+N82+O82+P82+Q82+R82+S82+T82+U82+V82), IF(A82<=118, 0.35*(AD82+AE82-1)+0.85*(AA82+AB82+AC82)+(M82+N82+O82+P82+Q82+R82+S82+T82+U82+V82+W82+X82+Y82+Z82), 0)))))))) -> 76.35 | AH82: =(G82 * 1.6605E-24) / (AI82 * 1E-24) -> 1550.7575 | AI82: =(4/3) * PI() * (I82^3) -> 0.22025544 | AJ82: =(A82*1.67262192369E-27 + F82*1.67492749804E-27 + L82*9.1093837015E-31) / 1.6605390666E-27 -> 205.69877 | AM82: =A82 - L82 -> 0 | AN82: =A82-AG82 -> 5.65 | AO82: =4 * PI() * 8.854187817E-12 * (I82 * 0.0000000001)^3 -> 5.850549e-42 | AP82: =AO82 * 10^12 -> 5.850549e-30 | AQ82: =(1 / (2 * 3.14159265358979)) * SQRT((A82 * (1.602176634E-19^2)) / ((AI82 * 1E-30) * 9.1093837015E-31 * 8.8541878128E-12)) -> 1.7324283e+17 | AR82: =I82 * 350 -> 131.12356 | AS82: =299792458000000000 / AQ82 -> 1.7304754
A83: 83 | B83: Bismuth | C83: Bi | D83: Post-transitional Metals | E83: 209 | F83: =E83-A83 -> 126 | G83: =(A83 * 1.007276) + (F83 * 1.008665) + (L83 * 0.00054858) -> 210.74123 | H83: =(G83-(A83*'Atomic Particles'!C1))/'Atomic Particles'!C2+A83 -> 209.04493 | I83: =0.529177210544 * (M83^2 / (A83 - AG83)) -> 0.33598553 | J83: =(('Atomic Particles'!C1)*A83)+(('Atomic Particles'!C2)*Elements!F83) -> 210.69591 | K83: =(E83^(1/3))*Constants!B2 -> 7.4180902e-15 | L83: 83 | M83: 2 | N83: 2 | O83: 6 | P83: 2 | Q83: 6 | R83: 10 | S83: 2 | T83: 6 | U83: 10 | V83: 14 | W83: 2 | X83: 6 | Y83: 10 | AA83: 2 | AB83: 3 | AF83: 6 | AG83: =IF(A83=1, 0, IF(A83=2, 0.3, IF(A83<=10, 0.35*(N83+O83-1)+0.85*M83, IF(A83<=18, 0.35*(P83+Q83-1)+0.85*(N83+O83)+M83, IF(A83<=36, 0.35*(S83+T83-1)+0.85*(P83+Q83+R83)+(M83+N83+O83), IF(A83<=54, 0.35*(W83+X83-1)+0.85*(S83+T83+U83)+(M83+N83+O83+P83+Q83+R83), IF(A83<=86, 0.35*(AA83+AB83-1)+0.85*(W83+X83+Y83+Z83)+(M83+N83+O83+P83+Q83+R83+S83+T83+U83+V83), IF(A83<=118, 0.35*(AD83+AE83-1)+0.85*(AA83+AB83+AC83)+(M83+N83+O83+P83+Q83+R83+S83+T83+U83+V83+W83+X83+Y83+Z83), 0)))))))) -> 76.7 | AH83: =(G83 * 1.6605E-24) / (AI83 * 1E-24) -> 2202.6123 | AI83: =(4/3) * PI() * (I83^3) -> 0.15887309 | AJ83: =(A83*1.67262192369E-27 + F83*1.67492749804E-27 + L83*9.1093837015E-31) / 1.6605390666E-27 -> 210.74126 | AM83: =A83 - L83 -> 0 | AN83: =A83-AG83 -> 6.3 | AO83: =4 * PI() * 8.854187817E-12 * (I83 * 0.0000000001)^3 -> 4.2200764e-42 | AP83: =AO83 * 10^12 -> 4.2200764e-30 | AQ83: =(1 / (2 * 3.14159265358979)) * SQRT((A83 * (1.602176634E-19^2)) / ((AI83 * 1E-30) * 9.1093837015E-31 * 8.8541878128E-12)) -> 2.0522277e+17 | AR83: =I83 * 350 -> 117.59494 | AS83: =299792458000000000 / AQ83 -> 1.4608148
A84: 84 | B84: Polonium | C84: Po | D84: Post-transitional Metals | E84: 209 | F84: =E84-A84 -> 125 | G84: =(A84 * 1.007276) + (F84 * 1.008665) + (L84 * 0.00054858) -> 210.74039 | H84: =(G84-(A84*'Atomic Particles'!C1))/'Atomic Particles'!C2+A84 -> 209.04547 | I84: =0.529177210544 * (M84^2 / (A84 - AG84)) -> 0.30456242 | J84: =(('Atomic Particles'!C1)*A84)+(('Atomic Particles'!C2)*Elements!F84) -> 210.69453 | K84: =(E84^(1/3))*Constants!B2 -> 7.4180902e-15 | L84: 84 | M84: 2 | N84: 2 | O84: 6 | P84: 2 | Q84: 6 | R84: 10 | S84: 2 | T84: 6 | U84: 10 | V84: 14 | W84: 2 | X84: 6 | Y84: 10 | AA84: 2 | AB84: 4 | AF84: 6 | AG84: =IF(A84=1, 0, IF(A84=2, 0.3, IF(A84<=10, 0.35*(N84+O84-1)+0.85*M84, IF(A84<=18, 0.35*(P84+Q84-1)+0.85*(N84+O84)+M84, IF(A84<=36, 0.35*(S84+T84-1)+0.85*(P84+Q84+R84)+(M84+N84+O84), IF(A84<=54, 0.35*(W84+X84-1)+0.85*(S84+T84+U84)+(M84+N84+O84+P84+Q84+R84), IF(A84<=86, 0.35*(AA84+AB84-1)+0.85*(W84+X84+Y84+Z84)+(M84+N84+O84+P84+Q84+R84+S84+T84+U84+V84), IF(A84<=118, 0.35*(AD84+AE84-1)+0.85*(AA84+AB84+AC84)+(M84+N84+O84+P84+Q84+R84+S84+T84+U84+V84+W84+X84+Y84+Z84), 0)))))))) -> 77.05 | AH84: =(G84 * 1.6605E-24) / (AI84 * 1E-24) -> 2957.121 | AI84: =(4/3) * PI() * (I84^3) -> 0.11833619 | AJ84: =(A84*1.67262192369E-27 + F84*1.67492749804E-27 + L84*9.1093837015E-31) / 1.6605390666E-27 -> 210.74042 | AM84: =A84 - L84 -> 0 | AN84: =A84-AG84 -> 6.95 | AO84: =4 * PI() * 8.854187817E-12 * (I84 * 0.0000000001)^3 -> 3.1433124e-42 | AP84: =AO84 * 10^12 -> 3.1433124e-30 | AQ84: =(1 / (2 * 3.14159265358979)) * SQRT((A84 * (1.602176634E-19^2)) / ((AI84 * 1E-30) * 9.1093837015E-31 * 8.8541878128E-12)) -> 2.3921727e+17 | AR84: =I84 * 350 -> 106.59685 | AS84: =299792458000000000 / AQ84 -> 1.2532225
A85: 85 | B85: Astatine | C85: At | D85: Halogen | E85: 210 | F85: =E85-A85 -> 125 | G85: =(A85 * 1.007276) + (F85 * 1.008665) + (L85 * 0.00054858) -> 211.74821 | H85: =(G85-(A85*'Atomic Particles'!C1))/'Atomic Particles'!C2+A85 -> 210.04601 | I85: =0.529177210544 * (M85^2 / (A85 - AG85)) -> 0.27851432 | J85: =(('Atomic Particles'!C1)*A85)+(('Atomic Particles'!C2)*Elements!F85) -> 211.7018 | K85: =(E85^(1/3))*Constants!B2 -> 7.4299024e-15 | L85: 85 | M85: 2 | N85: 2 | O85: 6 | P85: 2 | Q85: 6 | R85: 10 | S85: 2 | T85: 6 | U85: 10 | V85: 14 | W85: 2 | X85: 6 | Y85: 10 | AA85: 2 | AB85: 5 | AF85: 6 | AG85: =IF(A85=1, 0, IF(A85=2, 0.3, IF(A85<=10, 0.35*(N85+O85-1)+0.85*M85, IF(A85<=18, 0.35*(P85+Q85-1)+0.85*(N85+O85)+M85, IF(A85<=36, 0.35*(S85+T85-1)+0.85*(P85+Q85+R85)+(M85+N85+O85), IF(A85<=54, 0.35*(W85+X85-1)+0.85*(S85+T85+U85)+(M85+N85+O85+P85+Q85+R85), IF(A85<=86, 0.35*(AA85+AB85-1)+0.85*(W85+X85+Y85+Z85)+(M85+N85+O85+P85+Q85+R85+S85+T85+U85+V85), IF(A85<=118, 0.35*(AD85+AE85-1)+0.85*(AA85+AB85+AC85)+(M85+N85+O85+P85+Q85+R85+S85+T85+U85+V85+W85+X85+Y85+Z85), 0)))))))) -> 77.4 | AH85: =(G85 * 1.6605E-24) / (AI85 * 1E-24) -> 3885.3257 | AI85: =(4/3) * PI() * (I85^3) -> 0.090496379 | AJ85: =(A85*1.67262192369E-27 + F85*1.67492749804E-27 + L85*9.1093837015E-31) / 1.6605390666E-27 -> 211.74824 | AM85: =A85 - L85 -> 0 | AN85: =A85-AG85 -> 7.6 | AO85: =4 * PI() * 8.854187817E-12 * (I85 * 0.0000000001)^3 -> 2.4038158e-42 | AP85: =AO85 * 10^12 -> 2.4038158e-30 | AQ85: =(1 / (2 * 3.14159265358979)) * SQRT((A85 * (1.602176634E-19^2)) / ((AI85 * 1E-30) * 9.1093837015E-31 * 8.8541878128E-12)) -> 2.7517281e+17 | AR85: =I85 * 350 -> 97.480012 | AS85: =299792458000000000 / AQ85 -> 1.0894698
A86: 86 | B86: Radon | C86: Rn | D86: Noble Gas | E86: 222 | F86: =E86-A86 -> 136 | G86: =(A86 * 1.007276) + (F86 * 1.008665) + (L86 * 0.00054858) -> 223.85135 | H86: =(G86-(A86*'Atomic Particles'!C1))/'Atomic Particles'!C2+A86 -> 222.04655 | I86: =0.529177210544 * (M86^2 / (A86 - AG86)) -> 0.25657077 | J86: =(('Atomic Particles'!C1)*A86)+(('Atomic Particles'!C2)*Elements!F86) -> 223.80441 | K86: =(E86^(1/3))*Constants!B2 -> 7.5688112e-15 | L86: 86 | M86: 2 | N86: 2 | O86: 6 | P86: 2 | Q86: 6 | R86: 10 | S86: 2 | T86: 6 | U86: 10 | V86: 14 | W86: 2 | X86: 6 | Y86: 10 | AA86: 2 | AB86: 6 | AF86: 6 | AG86: =IF(A86=1, 0, IF(A86=2, 0.3, IF(A86<=10, 0.35*(N86+O86-1)+0.85*M86, IF(A86<=18, 0.35*(P86+Q86-1)+0.85*(N86+O86)+M86, IF(A86<=36, 0.35*(S86+T86-1)+0.85*(P86+Q86+R86)+(M86+N86+O86), IF(A86<=54, 0.35*(W86+X86-1)+0.85*(S86+T86+U86)+(M86+N86+O86+P86+Q86+R86), IF(A86<=86, 0.35*(AA86+AB86-1)+0.85*(W86+X86+Y86+Z86)+(M86+N86+O86+P86+Q86+R86+S86+T86+U86+V86), IF(A86<=118, 0.35*(AD86+AE86-1)+0.85*(AA86+AB86+AC86)+(M86+N86+O86+P86+Q86+R86+S86+T86+U86+V86+W86+X86+Y86+Z86), 0)))))))) -> 77.75 | AH86: =(G86 * 1.6605E-24) / (AI86 * 1E-24) -> 5253.9807 | AI86: =(4/3) * PI() * (I86^3) -> 0.070747343 | AJ86: =(A86*1.67262192369E-27 + F86*1.67492749804E-27 + L86*9.1093837015E-31) / 1.6605390666E-27 -> 223.85138 | AM86: =A86 - L86 -> 0 | AN86: =A86-AG86 -> 8.25 | AO86: =4 * PI() * 8.854187817E-12 * (I86 * 0.0000000001)^3 -> 1.8792308e-42 | AP86: =AO86 * 10^12 -> 1.8792308e-30 | AQ86: =(1 / (2 * 3.14159265358979)) * SQRT((A86 * (1.602176634E-19^2)) / ((AI86 * 1E-30) * 9.1093837015E-31 * 8.8541878128E-12)) -> 3.1304431e+17 | AR86: =I86 * 350 -> 89.799769 | AS86: =299792458000000000 / AQ86 -> 0.95766779
A87: 87 | B87: Francium | C87: Fr | D87: Alkali Metal | E87: 223 | F87: =E87-A87 -> 136 | G87: =(A87 * 1.007276) + (F87 * 1.008665) + (L87 * 0.00054858) -> 224.85918 | H87: =(G87-(A87*'Atomic Particles'!C1))/'Atomic Particles'!C2+A87 -> 223.04709 | I87: =0.529177210544 * (M87^2 / (A87 - AG87)) -> 0.96214038 | J87: =(('Atomic Particles'!C1)*A87)+(('Atomic Particles'!C2)*Elements!F87) -> 224.81168 | K87: =(E87^(1/3))*Constants!B2 -> 7.5801587e-15 | L87: 87 | M87: 2 | N87: 2 | O87: 6 | P87: 2 | Q87: 6 | R87: 10 | S87: 2 | T87: 6 | U87: 10 | V87: 14 | W87: 2 | X87: 6 | Y87: 10 | AA87: 2 | AB87: 6 | AD87: 1 | AF87: 7 | AG87: =IF(A87=1, 0, IF(A87=2, 0.3, IF(A87<=10, 0.35*(N87+O87-1)+0.85*M87, IF(A87<=18, 0.35*(P87+Q87-1)+0.85*(N87+O87)+M87, IF(A87<=36, 0.35*(S87+T87-1)+0.85*(P87+Q87+R87)+(M87+N87+O87), IF(A87<=54, 0.35*(W87+X87-1)+0.85*(S87+T87+U87)+(M87+N87+O87+P87+Q87+R87), IF(A87<=86, 0.35*(AA87+AB87-1)+0.85*(W87+X87+Y87+Z87)+(M87+N87+O87+P87+Q87+R87+S87+T87+U87+V87), IF(A87<=118, 0.35*(AD87+AE87-1)+0.85*(AA87+AB87+AC87)+(M87+N87+O87+P87+Q87+R87+S87+T87+U87+V87+W87+X87+Y87+Z87), 0)))))))) -> 84.8 | AH87: =(G87 * 1.6605E-24) / (AI87 * 1E-24) -> 100.0796 | AI87: =(4/3) * PI() * (I87^3) -> 3.7308169 | AJ87: =(A87*1.67262192369E-27 + F87*1.67492749804E-27 + L87*9.1093837015E-31) / 1.6605390666E-27 -> 224.85921 | AM87: =A87 - L87 -> 0 | AN87: =A87-AG87 -> 2.2 | AO87: =4 * PI() * 8.854187817E-12 * (I87 * 0.0000000001)^3 -> 9.9100061e-41 | AP87: =AO87 * 10^12 -> 9.9100061e-29 | AQ87: =(1 / (2 * 3.14159265358979)) * SQRT((A87 * (1.602176634E-19^2)) / ((AI87 * 1E-30) * 9.1093837015E-31 * 8.8541878128E-12)) -> 4.3358008e+16 | AR87: =I87 * 350 -> 336.74913 | AS87: =299792458000000000 / AQ87 -> 6.9143504
A88: 88 | B88: Radium | C88: Ra | D88: Alkali Earth Metal | E88: 226 | F88: =E88-A88 -> 138 | G88: =(A88 * 1.007276) + (F88 * 1.008665) + (L88 * 0.00054858) -> 227.88433 | H88: =(G88-(A88*'Atomic Particles'!C1))/'Atomic Particles'!C2+A88 -> 226.04763 | I88: =0.529177210544 * (M88^2 / (A88 - AG88)) -> 0.74270486 | J88: =(('Atomic Particles'!C1)*A88)+(('Atomic Particles'!C2)*Elements!F88) -> 227.83629 | K88: =(E88^(1/3))*Constants!B2 -> 7.6139992e-15 | L88: 88 | M88: 2 | N88: 2 | O88: 6 | P88: 2 | Q88: 6 | R88: 10 | S88: 2 | T88: 6 | U88: 10 | V88: 14 | W88: 2 | X88: 6 | Y88: 10 | AA88: 2 | AB88: 6 | AD88: 2 | AF88: 7 | AG88: =IF(A88=1, 0, IF(A88=2, 0.3, IF(A88<=10, 0.35*(N88+O88-1)+0.85*M88, IF(A88<=18, 0.35*(P88+Q88-1)+0.85*(N88+O88)+M88, IF(A88<=36, 0.35*(S88+T88-1)+0.85*(P88+Q88+R88)+(M88+N88+O88), IF(A88<=54, 0.35*(W88+X88-1)+0.85*(S88+T88+U88)+(M88+N88+O88+P88+Q88+R88), IF(A88<=86, 0.35*(AA88+AB88-1)+0.85*(W88+X88+Y88+Z88)+(M88+N88+O88+P88+Q88+R88+S88+T88+U88+V88), IF(A88<=118, 0.35*(AD88+AE88-1)+0.85*(AA88+AB88+AC88)+(M88+N88+O88+P88+Q88+R88+S88+T88+U88+V88+W88+X88+Y88+Z88), 0)))))))) -> 85.15 | AH88: =(G88 * 1.6605E-24) / (AI88 * 1E-24) -> 220.50373 | AI88: =(4/3) * PI() * (I88^3) -> 1.7160795 | AJ88: =(A88*1.67262192369E-27 + F88*1.67492749804E-27 + L88*9.1093837015E-31) / 1.6605390666E-27 -> 227.88436 | AM88: =A88 - L88 -> 0 | AN88: =A88-AG88 -> 2.85 | AO88: =4 * PI() * 8.854187817E-12 * (I88 * 0.0000000001)^3 -> 4.558347e-41 | AP88: =AO88 * 10^12 -> 4.558347e-29 | AQ88: =(1 / (2 * 3.14159265358979)) * SQRT((A88 * (1.602176634E-19^2)) / ((AI88 * 1E-30) * 9.1093837015E-31 * 8.8541878128E-12)) -> 6.4296051e+16 | AR88: =I88 * 350 -> 259.9467 | AS88: =299792458000000000 / AQ88 -> 4.6626885
A89: 89 | B89: Actinium | C89: Ac | D89: Actinoids | E89: 227 | F89: =E89-A89 -> 138 | G89: =(A89 * 1.007276) + (F89 * 1.008665) + (L89 * 0.00054858) -> 228.89216 | H89: =(G89-(A89*'Atomic Particles'!C1))/'Atomic Particles'!C2+A89 -> 227.04817 | I89: =0.529177210544 * (M89^2 / (A89 - AG89)) -> 0.70556961 | J89: =(('Atomic Particles'!C1)*A89)+(('Atomic Particles'!C2)*Elements!F89) -> 228.84357 | K89: =(E89^(1/3))*Constants!B2 -> 7.6252128e-15 | L89: 89 | M89: 2 | N89: 2 | O89: 6 | P89: 2 | Q89: 6 | R89: 10 | S89: 2 | T89: 6 | U89: 10 | V89: 14 | W89: 2 | X89: 6 | Y89: 10 | AA89: 2 | AB89: 6 | AC89: 1 | AD89: 2 | AF89: 7 | AG89: =IF(A89=1, 0, IF(A89=2, 0.3, IF(A89<=10, 0.35*(N89+O89-1)+0.85*M89, IF(A89<=18, 0.35*(P89+Q89-1)+0.85*(N89+O89)+M89, IF(A89<=36, 0.35*(S89+T89-1)+0.85*(P89+Q89+R89)+(M89+N89+O89), IF(A89<=54, 0.35*(W89+X89-1)+0.85*(S89+T89+U89)+(M89+N89+O89+P89+Q89+R89), IF(A89<=86, 0.35*(AA89+AB89-1)+0.85*(W89+X89+Y89+Z89)+(M89+N89+O89+P89+Q89+R89+S89+T89+U89+V89), IF(A89<=118, 0.35*(AD89+AE89-1)+0.85*(AA89+AB89+AC89)+(M89+N89+O89+P89+Q89+R89+S89+T89+U89+V89+W89+X89+Y89+Z89), 0)))))))) -> 86 | AH89: =(G89 * 1.6605E-24) / (AI89 * 1E-24) -> 258.32211 | AI89: =(4/3) * PI() * (I89^3) -> 1.4713237 | AJ89: =(A89*1.67262192369E-27 + F89*1.67492749804E-27 + L89*9.1093837015E-31) / 1.6605390666E-27 -> 228.89219 | AM89: =A89 - L89 -> 0 | AN89: =A89-AG89 -> 3 | AO89: =4 * PI() * 8.854187817E-12 * (I89 * 0.0000000001)^3 -> 3.9082128e-41 | AP89: =AO89 * 10^12 -> 3.9082128e-29 | AQ89: =(1 / (2 * 3.14159265358979)) * SQRT((A89 * (1.602176634E-19^2)) / ((AI89 * 1E-30) * 9.1093837015E-31 * 8.8541878128E-12)) -> 6.9831691e+16 | AR89: =I89 * 350 -> 246.94936 | AS89: =299792458000000000 / AQ89 -> 4.2930717
A90: 90 | B90: Thorium | C90: Th | D90: Actinoids | E90: 230 | F90: =E90-A90 -> 140 | G90: =(A90 * 1.007276) + (F90 * 1.008665) + (L90 * 0.00054858) -> 231.91731 | H90: =(G90-(A90*'Atomic Particles'!C1))/'Atomic Particles'!C2+A90 -> 230.04871 | I90: =0.529177210544 * (M90^2 / (A90 - AG90)) -> 0.67197106 | J90: =(('Atomic Particles'!C1)*A90)+(('Atomic Particles'!C2)*Elements!F90) -> 231.86818 | K90: =(E90^(1/3))*Constants!B2 -> 7.6586571e-15 | L90: 90 | M90: 2 | N90: 2 | O90: 6 | P90: 2 | Q90: 6 | R90: 10 | S90: 2 | T90: 6 | U90: 10 | V90: 14 | W90: 2 | X90: 6 | Y90: 10 | AA90: 2 | AB90: 6 | AC90: 2 | AD90: 2 | AF90: 7 | AG90: =IF(A90=1, 0, IF(A90=2, 0.3, IF(A90<=10, 0.35*(N90+O90-1)+0.85*M90, IF(A90<=18, 0.35*(P90+Q90-1)+0.85*(N90+O90)+M90, IF(A90<=36, 0.35*(S90+T90-1)+0.85*(P90+Q90+R90)+(M90+N90+O90), IF(A90<=54, 0.35*(W90+X90-1)+0.85*(S90+T90+U90)+(M90+N90+O90+P90+Q90+R90), IF(A90<=86, 0.35*(AA90+AB90-1)+0.85*(W90+X90+Y90+Z90)+(M90+N90+O90+P90+Q90+R90+S90+T90+U90+V90), IF(A90<=118, 0.35*(AD90+AE90-1)+0.85*(AA90+AB90+AC90)+(M90+N90+O90+P90+Q90+R90+S90+T90+U90+V90+W90+X90+Y90+Z90), 0)))))))) -> 86.85 | AH90: =(G90 * 1.6605E-24) / (AI90 * 1E-24) -> 302.9924 | AI90: =(4/3) * PI() * (I90^3) -> 1.2709847 | AJ90: =(A90*1.67262192369E-27 + F90*1.67492749804E-27 + L90*9.1093837015E-31) / 1.6605390666E-27 -> 231.91734 | AM90: =A90 - L90 -> 0 | AN90: =A90-AG90 -> 3.15 | AO90: =4 * PI() * 8.854187817E-12 * (I90 * 0.0000000001)^3 -> 3.3760612e-41 | AP90: =AO90 * 10^12 -> 3.3760612e-29 | AQ90: =(1 / (2 * 3.14159265358979)) * SQRT((A90 * (1.602176634E-19^2)) / ((AI90 * 1E-30) * 9.1093837015E-31 * 8.8541878128E-12)) -> 7.5554921e+16 | AR90: =I90 * 350 -> 235.18987 | AS90: =299792458000000000 / AQ90 -> 3.9678747
A91: 91 | B91: Protactinium | C91: Pa | D91: Actinoids | E91: 231 | F91: =E91-A91 -> 140 | G91: =(A91 * 1.007276) + (F91 * 1.008665) + (L91 * 0.00054858) -> 232.92514 | H91: =(G91-(A91*'Atomic Particles'!C1))/'Atomic Particles'!C2+A91 -> 231.04925 | I91: =0.529177210544 * (M91^2 / (A91 - AG91)) -> 0.70556961 | J91: =(('Atomic Particles'!C1)*A91)+(('Atomic Particles'!C2)*Elements!F91) -> 232.87546 | K91: =(E91^(1/3))*Constants!B2 -> 7.6697405e-15 | L91: 91 | M91: 2 | N91: 2 | O91: 6 | P91: 2 | Q91: 6 | R91: 10 | S91: 2 | T91: 6 | U91: 10 | V91: 14 | W91: 2 | X91: 6 | Y91: 10 | Z91: 2 | AA91: 2 | AB91: 6 | AC91: 1 | AD91: 2 | AF91: 7 | AG91: =IF(A91=1, 0, IF(A91=2, 0.3, IF(A91<=10, 0.35*(N91+O91-1)+0.85*M91, IF(A91<=18, 0.35*(P91+Q91-1)+0.85*(N91+O91)+M91, IF(A91<=36, 0.35*(S91+T91-1)+0.85*(P91+Q91+R91)+(M91+N91+O91), IF(A91<=54, 0.35*(W91+X91-1)+0.85*(S91+T91+U91)+(M91+N91+O91+P91+Q91+R91), IF(A91<=86, 0.35*(AA91+AB91-1)+0.85*(W91+X91+Y91+Z91)+(M91+N91+O91+P91+Q91+R91+S91+T91+U91+V91), IF(A91<=118, 0.35*(AD91+AE91-1)+0.85*(AA91+AB91+AC91)+(M91+N91+O91+P91+Q91+R91+S91+T91+U91+V91+W91+X91+Y91+Z91), 0)))))))) -> 88 | AH91: =(G91 * 1.6605E-24) / (AI91 * 1E-24) -> 262.87363 | AI91: =(4/3) * PI() * (I91^3) -> 1.4713237 | AJ91: =(A91*1.67262192369E-27 + F91*1.67492749804E-27 + L91*9.1093837015E-31) / 1.6605390666E-27 -> 232.92517 | AM91: =A91 - L91 -> 0 | AN91: =A91-AG91 -> 3 | AO91: =4 * PI() * 8.854187817E-12 * (I91 * 0.0000000001)^3 -> 3.9082128e-41 | AP91: =AO91 * 10^12 -> 3.9082128e-29 | AQ91: =(1 / (2 * 3.14159265358979)) * SQRT((A91 * (1.602176634E-19^2)) / ((AI91 * 1E-30) * 9.1093837015E-31 * 8.8541878128E-12)) -> 7.0611957e+16 | AR91: =I91 * 350 -> 246.94936 | AS91: =299792458000000000 / AQ91 -> 4.245633
A92: 92 | B92: Uranium | C92: U | D92: Actinoids | E92: 234 | F92: =E92-A92 -> 142 | G92: =(A92 * 1.007276) + (F92 * 1.008665) + (L92 * 0.00054858) -> 235.95029 | H92: =(G92-(A92*'Atomic Particles'!C1))/'Atomic Particles'!C2+A92 -> 234.0498 | I92: =0.529177210544 * (M92^2 / (A92 - AG92)) -> 0.70556961 | J92: =(('Atomic Particles'!C1)*A92)+(('Atomic Particles'!C2)*Elements!F92) -> 235.90006 | K92: =(E92^(1/3))*Constants!B2 -> 7.7028002e-15 | L92: 92 | M92: 2 | N92: 2 | O92: 6 | P92: 2 | Q92: 6 | R92: 10 | S92: 2 | T92: 6 | U92: 10 | V92: 14 | W92: 2 | X92: 6 | Y92: 10 | Z92: 3 | AA92: 2 | AB92: 6 | AC92: 1 | AD92: 2 | AF92: 7 | AG92: =IF(A92=1, 0, IF(A92=2, 0.3, IF(A92<=10, 0.35*(N92+O92-1)+0.85*M92, IF(A92<=18, 0.35*(P92+Q92-1)+0.85*(N92+O92)+M92, IF(A92<=36, 0.35*(S92+T92-1)+0.85*(P92+Q92+R92)+(M92+N92+O92), IF(A92<=54, 0.35*(W92+X92-1)+0.85*(S92+T92+U92)+(M92+N92+O92+P92+Q92+R92), IF(A92<=86, 0.35*(AA92+AB92-1)+0.85*(W92+X92+Y92+Z92)+(M92+N92+O92+P92+Q92+R92+S92+T92+U92+V92), IF(A92<=118, 0.35*(AD92+AE92-1)+0.85*(AA92+AB92+AC92)+(M92+N92+O92+P92+Q92+R92+S92+T92+U92+V92+W92+X92+Y92+Z92), 0)))))))) -> 89 | AH92: =(G92 * 1.6605E-24) / (AI92 * 1E-24) -> 266.28775 | AI92: =(4/3) * PI() * (I92^3) -> 1.4713237 | AJ92: =(A92*1.67262192369E-27 + F92*1.67492749804E-27 + L92*9.1093837015E-31) / 1.6605390666E-27 -> 235.95032 | AM92: =A92 - L92 -> 0 | AN92: =A92-AG92 -> 3 | AO92: =4 * PI() * 8.854187817E-12 * (I92 * 0.0000000001)^3 -> 3.9082128e-41 | AP92: =AO92 * 10^12 -> 3.9082128e-29 | AQ92: =(1 / (2 * 3.14159265358979)) * SQRT((A92 * (1.602176634E-19^2)) / ((AI92 * 1E-30) * 9.1093837015E-31 * 8.8541878128E-12)) -> 7.0998875e+16 | AR92: =I92 * 350 -> 246.94936 | AS92: =299792458000000000 / AQ92 -> 4.2224959
A93: 93 | B93: Neptunium | C93: Np | D93: Actinoids | E93: 225 | F93: =E93-A93 -> 132 | G93: =(A93 * 1.007276) + (F93 * 1.008665) + (L93 * 0.00054858) -> 226.87147 | H93: =(G93-(A93*'Atomic Particles'!C1))/'Atomic Particles'!C2+A93 -> 225.05035 | I93: =0.529177210544 * (M93^2 / (A93 - AG93)) -> 0.5497945 | J93: =(('Atomic Particles'!C1)*A93)+(('Atomic Particles'!C2)*Elements!F93) -> 226.82068 | K93: =(E93^(1/3))*Constants!B2 -> 7.6027525e-15 | L93: 93 | M93: 2 | N93: 2 | O93: 6 | P93: 2 | Q93: 6 | R93: 10 | S93: 2 | T93: 6 | U93: 10 | V93: 14 | W93: 2 | X93: 6 | Y93: 10 | Z93: 4 | AA93: 2 | AB93: 6 | AD93: 2 | AF93: 7 | AG93: =IF(A93=1, 0, IF(A93=2, 0.3, IF(A93<=10, 0.35*(N93+O93-1)+0.85*M93, IF(A93<=18, 0.35*(P93+Q93-1)+0.85*(N93+O93)+M93, IF(A93<=36, 0.35*(S93+T93-1)+0.85*(P93+Q93+R93)+(M93+N93+O93), IF(A93<=54, 0.35*(W93+X93-1)+0.85*(S93+T93+U93)+(M93+N93+O93+P93+Q93+R93), IF(A93<=86, 0.35*(AA93+AB93-1)+0.85*(W93+X93+Y93+Z93)+(M93+N93+O93+P93+Q93+R93+S93+T93+U93+V93), IF(A93<=118, 0.35*(AD93+AE93-1)+0.85*(AA93+AB93+AC93)+(M93+N93+O93+P93+Q93+R93+S93+T93+U93+V93+W93+X93+Y93+Z93), 0)))))))) -> 89.15 | AH93: =(G93 * 1.6605E-24) / (AI93 * 1E-24) -> 541.16408 | AI93: =(4/3) * PI() * (I93^3) -> 0.69612911 | AJ93: =(A93*1.67262192369E-27 + F93*1.67492749804E-27 + L93*9.1093837015E-31) / 1.6605390666E-27 -> 226.8715 | AM93: =A93 - L93 -> 0 | AN93: =A93-AG93 -> 3.85 | AO93: =4 * PI() * 8.854187817E-12 * (I93 * 0.0000000001)^3 -> 1.8490974e-41 | AP93: =AO93 * 10^12 -> 1.8490974e-29 | AQ93: =(1 / (2 * 3.14159265358979)) * SQRT((A93 * (1.602176634E-19^2)) / ((AI93 * 1E-30) * 9.1093837015E-31 * 8.8541878128E-12)) -> 1.037787e+17 | AR93: =I93 * 350 -> 192.42808 | AS93: =299792458000000000 / AQ93 -> 2.8887667
A94: 94 | B94: Plutonium | C94: Pu | D94: Actinoids | E94: 228 | F94: =E94-A94 -> 134 | G94: =(A94 * 1.007276) + (F94 * 1.008665) + (L94 * 0.00054858) -> 229.89662 | H94: =(G94-(A94*'Atomic Particles'!C1))/'Atomic Particles'!C2+A94 -> 228.05089 | I94: =0.529177210544 * (M94^2 / (A94 - AG94)) -> 0.74270486 | J94: =(('Atomic Particles'!C1)*A94)+(('Atomic Particles'!C2)*Elements!F94) -> 229.84529 | K94: =(E94^(1/3))*Constants!B2 -> 7.6363934e-15 | L94: 94 | M94: 2 | N94: 2 | O94: 6 | P94: 2 | Q94: 6 | R94: 10 | S94: 2 | T94: 6 | U94: 10 | V94: 14 | W94: 2 | X94: 6 | Y94: 10 | Z94: 6 | AA94: 2 | AB94: 6 | AD94: 2 | AF94: 7 | AG94: =IF(A94=1, 0, IF(A94=2, 0.3, IF(A94<=10, 0.35*(N94+O94-1)+0.85*M94, IF(A94<=18, 0.35*(P94+Q94-1)+0.85*(N94+O94)+M94, IF(A94<=36, 0.35*(S94+T94-1)+0.85*(P94+Q94+R94)+(M94+N94+O94), IF(A94<=54, 0.35*(W94+X94-1)+0.85*(S94+T94+U94)+(M94+N94+O94+P94+Q94+R94), IF(A94<=86, 0.35*(AA94+AB94-1)+0.85*(W94+X94+Y94+Z94)+(M94+N94+O94+P94+Q94+R94+S94+T94+U94+V94), IF(A94<=118, 0.35*(AD94+AE94-1)+0.85*(AA94+AB94+AC94)+(M94+N94+O94+P94+Q94+R94+S94+T94+U94+V94+W94+X94+Y94+Z94), 0)))))))) -> 91.15 | AH94: =(G94 * 1.6605E-24) / (AI94 * 1E-24) -> 222.45085 | AI94: =(4/3) * PI() * (I94^3) -> 1.7160795 | AJ94: =(A94*1.67262192369E-27 + F94*1.67492749804E-27 + L94*9.1093837015E-31) / 1.6605390666E-27 -> 229.89665 | AM94: =A94 - L94 -> 0 | AN94: =A94-AG94 -> 2.85 | AO94: =4 * PI() * 8.854187817E-12 * (I94 * 0.0000000001)^3 -> 4.558347e-41 | AP94: =AO94 * 10^12 -> 4.558347e-29 | AQ94: =(1 / (2 * 3.14159265358979)) * SQRT((A94 * (1.602176634E-19^2)) / ((AI94 * 1E-30) * 9.1093837015E-31 * 8.8541878128E-12)) -> 6.6451821e+16 | AR94: =I94 * 350 -> 259.9467 | AS94: =299792458000000000 / AQ94 -> 4.5114258
A95: 95 | B95: Americium | C95: Am | D95: Actinoids | E95: 231 | F95: =E95-A95 -> 136 | G95: =(A95 * 1.007276) + (F95 * 1.008665) + (L95 * 0.00054858) -> 232.92178 | H95: =(G95-(A95*'Atomic Particles'!C1))/'Atomic Particles'!C2+A95 -> 231.05143 | I95: =0.529177210544 * (M95^2 / (A95 - AG95)) -> 0.74270486 | J95: =(('Atomic Particles'!C1)*A95)+(('Atomic Particles'!C2)*Elements!F95) -> 232.8699 | K95: =(E95^(1/3))*Constants!B2 -> 7.6697405e-15 | L95: 95 | M95: 2 | N95: 2 | O95: 6 | P95: 2 | Q95: 6 | R95: 10 | S95: 2 | T95: 6 | U95: 10 | V95: 14 | W95: 2 | X95: 6 | Y95: 10 | Z95: 7 | AA95: 2 | AB95: 6 | AD95: 2 | AF95: 7 | AG95: =IF(A95=1, 0, IF(A95=2, 0.3, IF(A95<=10, 0.35*(N95+O95-1)+0.85*M95, IF(A95<=18, 0.35*(P95+Q95-1)+0.85*(N95+O95)+M95, IF(A95<=36, 0.35*(S95+T95-1)+0.85*(P95+Q95+R95)+(M95+N95+O95), IF(A95<=54, 0.35*(W95+X95-1)+0.85*(S95+T95+U95)+(M95+N95+O95+P95+Q95+R95), IF(A95<=86, 0.35*(AA95+AB95-1)+0.85*(W95+X95+Y95+Z95)+(M95+N95+O95+P95+Q95+R95+S95+T95+U95+V95), IF(A95<=118, 0.35*(AD95+AE95-1)+0.85*(AA95+AB95+AC95)+(M95+N95+O95+P95+Q95+R95+S95+T95+U95+V95+W95+X95+Y95+Z95), 0)))))))) -> 92.15 | AH95: =(G95 * 1.6605E-24) / (AI95 * 1E-24) -> 225.37803 | AI95: =(4/3) * PI() * (I95^3) -> 1.7160795 | AJ95: =(A95*1.67262192369E-27 + F95*1.67492749804E-27 + L95*9.1093837015E-31) / 1.6605390666E-27 -> 232.92181 | AM95: =A95 - L95 -> 0 | AN95: =A95-AG95 -> 2.85 | AO95: =4 * PI() * 8.854187817E-12 * (I95 * 0.0000000001)^3 -> 4.558347e-41 | AP95: =AO95 * 10^12 -> 4.558347e-29 | AQ95: =(1 / (2 * 3.14159265358979)) * SQRT((A95 * (1.602176634E-19^2)) / ((AI95 * 1E-30) * 9.1093837015E-31 * 8.8541878128E-12)) -> 6.6804353e+16 | AR95: =I95 * 350 -> 259.9467 | AS95: =299792458000000000 / AQ95 -> 4.4876186
A96: 96 | B96: Curium | C96: Cm | D96: Actinoids | E96: 232 | F96: =E96-A96 -> 136 | G96: =(A96 * 1.007276) + (F96 * 1.008665) + (L96 * 0.00054858) -> 233.9296 | H96: =(G96-(A96*'Atomic Particles'!C1))/'Atomic Particles'!C2+A96 -> 232.05197 | I96: =0.529177210544 * (M96^2 / (A96 - AG96)) -> 0.70556961 | J96: =(('Atomic Particles'!C1)*A96)+(('Atomic Particles'!C2)*Elements!F96) -> 233.87718 | K96: =(E96^(1/3))*Constants!B2 -> 7.6807921e-15 | L96: 96 | M96: 2 | N96: 2 | O96: 6 | P96: 2 | Q96: 6 | R96: 10 | S96: 2 | T96: 6 | U96: 10 | V96: 14 | W96: 2 | X96: 6 | Y96: 10 | Z96: 7 | AA96: 2 | AB96: 6 | AC96: 1 | AD96: 2 | AF96: 7 | AG96: =IF(A96=1, 0, IF(A96=2, 0.3, IF(A96<=10, 0.35*(N96+O96-1)+0.85*M96, IF(A96<=18, 0.35*(P96+Q96-1)+0.85*(N96+O96)+M96, IF(A96<=36, 0.35*(S96+T96-1)+0.85*(P96+Q96+R96)+(M96+N96+O96), IF(A96<=54, 0.35*(W96+X96-1)+0.85*(S96+T96+U96)+(M96+N96+O96+P96+Q96+R96), IF(A96<=86, 0.35*(AA96+AB96-1)+0.85*(W96+X96+Y96+Z96)+(M96+N96+O96+P96+Q96+R96+S96+T96+U96+V96), IF(A96<=118, 0.35*(AD96+AE96-1)+0.85*(AA96+AB96+AC96)+(M96+N96+O96+P96+Q96+R96+S96+T96+U96+V96+W96+X96+Y96+Z96), 0)))))))) -> 93 | AH96: =(G96 * 1.6605E-24) / (AI96 * 1E-24) -> 264.00724 | AI96: =(4/3) * PI() * (I96^3) -> 1.4713237 | AJ96: =(A96*1.67262192369E-27 + F96*1.67492749804E-27 + L96*9.1093837015E-31) / 1.6605390666E-27 -> 233.92963 | AM96: =A96 - L96 -> 0 | AN96: =A96-AG96 -> 3 | AO96: =4 * PI() * 8.854187817E-12 * (I96 * 0.0000000001)^3 -> 3.9082128e-41 | AP96: =AO96 * 10^12 -> 3.9082128e-29 | AQ96: =(1 / (2 * 3.14159265358979)) * SQRT((A96 * (1.602176634E-19^2)) / ((AI96 * 1E-30) * 9.1093837015E-31 * 8.8541878128E-12)) -> 7.2525907e+16 | AR96: =I96 * 350 -> 246.94936 | AS96: =299792458000000000 / AQ96 -> 4.1335913
A97: 97 | B97: Berkelium | C97: Bk | D97: Actinoids | E97: 234 | F97: =E97-A97 -> 137 | G97: =(A97 * 1.007276) + (F97 * 1.008665) + (L97 * 0.00054858) -> 235.94609 | H97: =(G97-(A97*'Atomic Particles'!C1))/'Atomic Particles'!C2+A97 -> 234.05251 | I97: =0.529177210544 * (M97^2 / (A97 - AG97)) -> 0.74270486 | J97: =(('Atomic Particles'!C1)*A97)+(('Atomic Particles'!C2)*Elements!F97) -> 235.89312 | K97: =(E97^(1/3))*Constants!B92 -> 0 | L97: 97 | M97: 2 | N97: 2 | O97: 6 | P97: 2 | Q97: 6 | R97: 10 | S97: 2 | T97: 6 | U97: 10 | V97: 14 | W97: 2 | X97: 6 | Y97: 10 | Z97: 9 | AA97: 2 | AB97: 6 | AD97: 2 | AF97: 7 | AG97: =IF(A97=1, 0, IF(A97=2, 0.3, IF(A97<=10, 0.35*(N97+O97-1)+0.85*M97, IF(A97<=18, 0.35*(P97+Q97-1)+0.85*(N97+O97)+M97, IF(A97<=36, 0.35*(S97+T97-1)+0.85*(P97+Q97+R97)+(M97+N97+O97), IF(A97<=54, 0.35*(W97+X97-1)+0.85*(S97+T97+U97)+(M97+N97+O97+P97+Q97+R97), IF(A97<=86, 0.35*(AA97+AB97-1)+0.85*(W97+X97+Y97+Z97)+(M97+N97+O97+P97+Q97+R97+S97+T97+U97+V97), IF(A97<=118, 0.35*(AD97+AE97-1)+0.85*(AA97+AB97+AC97)+(M97+N97+O97+P97+Q97+R97+S97+T97+U97+V97+W97+X97+Y97+Z97), 0)))))))) -> 94.15 | AH97: =(G97 * 1.6605E-24) / (AI97 * 1E-24) -> 228.30439 | AI97: =(4/3) * PI() * (I97^3) -> 1.7160795 | AJ97: =(A97*1.67262192369E-27 + F97*1.67492749804E-27 + L97*9.1093837015E-31) / 1.6605390666E-27 -> 235.94612 | AM97: =A97 - L97 -> 0 | AN97: =A97-AG97 -> 2.85 | AO97: =4 * PI() * 8.854187817E-12 * (I97 * 0.0000000001)^3 -> 4.558347e-41 | AP97: =AO97 * 10^12 -> 4.558347e-29 | AQ97: =(1 / (2 * 3.14159265358979)) * SQRT((A97 * (1.602176634E-19^2)) / ((AI97 * 1E-30) * 9.1093837015E-31 * 8.8541878128E-12)) -> 6.7503894e+16 | AR97: =I97 * 350 -> 259.9467 | AS97: =299792458000000000 / AQ97 -> 4.4411135
A98: 98 | B98: Californium | C98: Cf | D98: Actinoids | E98: 237 | F98: =E98-A98 -> 139 | G98: =(A98 * 1.007276) + (F98 * 1.008665) + (L98 * 0.00054858) -> 238.97124 | H98: =(G98-(A98*'Atomic Particles'!C1))/'Atomic Particles'!C2+A98 -> 237.05305 | I98: =0.529177210544 * (M98^2 / (A98 - AG98)) -> 0.74270486 | J98: =(('Atomic Particles'!C1)*A98)+(('Atomic Particles'!C2)*Elements!F98) -> 238.91773 | K98: =(E98^(1/3))*Constants!B93 -> 0 | L98: 98 | M98: 2 | N98: 2 | O98: 6 | P98: 2 | Q98: 6 | R98: 10 | S98: 2 | T98: 6 | U98: 10 | V98: 14 | W98: 2 | X98: 6 | Y98: 10 | Z98: 10 | AA98: 2 | AB98: 6 | AD98: 2 | AF98: 7 | AG98: =IF(A98=1, 0, IF(A98=2, 0.3, IF(A98<=10, 0.35*(N98+O98-1)+0.85*M98, IF(A98<=18, 0.35*(P98+Q98-1)+0.85*(N98+O98)+M98, IF(A98<=36, 0.35*(S98+T98-1)+0.85*(P98+Q98+R98)+(M98+N98+O98), IF(A98<=54, 0.35*(W98+X98-1)+0.85*(S98+T98+U98)+(M98+N98+O98+P98+Q98+R98), IF(A98<=86, 0.35*(AA98+AB98-1)+0.85*(W98+X98+Y98+Z98)+(M98+N98+O98+P98+Q98+R98+S98+T98+U98+V98), IF(A98<=118, 0.35*(AD98+AE98-1)+0.85*(AA98+AB98+AC98)+(M98+N98+O98+P98+Q98+R98+S98+T98+U98+V98+W98+X98+Y98+Z98), 0)))))))) -> 95.15 | AH98: =(G98 * 1.6605E-24) / (AI98 * 1E-24) -> 231.23157 | AI98: =(4/3) * PI() * (I98^3) -> 1.7160795 | AJ98: =(A98*1.67262192369E-27 + F98*1.67492749804E-27 + L98*9.1093837015E-31) / 1.6605390666E-27 -> 238.97128 | AM98: =A98 - L98 -> 0 | AN98: =A98-AG98 -> 2.85 | AO98: =4 * PI() * 8.854187817E-12 * (I98 * 0.0000000001)^3 -> 4.558347e-41 | AP98: =AO98 * 10^12 -> 4.558347e-29 | AQ98: =(1 / (2 * 3.14159265358979)) * SQRT((A98 * (1.602176634E-19^2)) / ((AI98 * 1E-30) * 9.1093837015E-31 * 8.8541878128E-12)) -> 6.785096e+16 | AR98: =I98 * 350 -> 259.9467 | AS98: =299792458000000000 / AQ98 -> 4.4183967
A99: 99 | B99: Einsteinium | C99: Es | D99: Actinoids | E99: 240 | F99: =E99-A99 -> 141 | G99: =(A99 * 1.007276) + (F99 * 1.008665) + (L99 * 0.00054858) -> 241.9964 | H99: =(G99-(A99*'Atomic Particles'!C1))/'Atomic Particles'!C2+A99 -> 240.0536 | I99: =0.529177210544 * (M99^2 / (A99 - AG99)) -> 0.74270486 | J99: =(('Atomic Particles'!C1)*A99)+(('Atomic Particles'!C2)*Elements!F99) -> 241.94234 | K99: =(E99^(1/3))*Constants!B94 -> 0 | L99: 99 | M99: 2 | N99: 2 | O99: 6 | P99: 2 | Q99: 6 | R99: 10 | S99: 2 | T99: 6 | U99: 10 | V99: 14 | W99: 2 | X99: 6 | Y99: 10 | Z99: 11 | AA99: 2 | AB99: 6 | AD99: 2 | AF99: 7 | AG99: =IF(A99=1, 0, IF(A99=2, 0.3, IF(A99<=10, 0.35*(N99+O99-1)+0.85*M99, IF(A99<=18, 0.35*(P99+Q99-1)+0.85*(N99+O99)+M99, IF(A99<=36, 0.35*(S99+T99-1)+0.85*(P99+Q99+R99)+(M99+N99+O99), IF(A99<=54, 0.35*(W99+X99-1)+0.85*(S99+T99+U99)+(M99+N99+O99+P99+Q99+R99), IF(A99<=86, 0.35*(AA99+AB99-1)+0.85*(W99+X99+Y99+Z99)+(M99+N99+O99+P99+Q99+R99+S99+T99+U99+V99), IF(A99<=118, 0.35*(AD99+AE99-1)+0.85*(AA99+AB99+AC99)+(M99+N99+O99+P99+Q99+R99+S99+T99+U99+V99+W99+X99+Y99+Z99), 0)))))))) -> 96.15 | AH99: =(G99 * 1.6605E-24) / (AI99 * 1E-24) -> 234.15874 | AI99: =(4/3) * PI() * (I99^3) -> 1.7160795 | AJ99: =(A99*1.67262192369E-27 + F99*1.67492749804E-27 + L99*9.1093837015E-31) / 1.6605390666E-27 -> 241.99643 | AM99: =A99 - L99 -> 0 | AN99: =A99-AG99 -> 2.85 | AO99: =4 * PI() * 8.854187817E-12 * (I99 * 0.0000000001)^3 -> 4.558347e-41 | AP99: =AO99 * 10^12 -> 4.558347e-29 | AQ99: =(1 / (2 * 3.14159265358979)) * SQRT((A99 * (1.602176634E-19^2)) / ((AI99 * 1E-30) * 9.1093837015E-31 * 8.8541878128E-12)) -> 6.819626e+16 | AR99: =I99 * 350 -> 259.9467 | AS99: =299792458000000000 / AQ99 -> 4.3960249
A100: 100 | B100: Fermium | C100: Fm | D100: Actinoids | E100: 241 | F100: =E100-A100 -> 141 | G100: =(A100 * 1.007276) + (F100 * 1.008665) + (L100 * 0.00054858) -> 243.00422 | H100: =(G100-(A100*'Atomic Particles'!C1))/'Atomic Particles'!C2+A100 -> 241.05414 | I100: =0.529177210544 * (M100^2 / (A100 - AG100)) -> 0.74270486 | J100: =(('Atomic Particles'!C1)*A100)+(('Atomic Particles'!C2)*Elements!F100) -> 242.94962 | K100: =(E100^(1/3))*Constants!B95 -> 0 | L100: 100 | M100: 2 | N100: 2 | O100: 6 | P100: 2 | Q100: 6 | R100: 10 | S100: 2 | T100: 6 | U100: 10 | V100: 14 | W100: 2 | X100: 6 | Y100: 10 | Z100: 12 | AA100: 2 | AB100: 6 | AD100: 2 | AF100: 7 | AG100: =IF(A100=1, 0, IF(A100=2, 0.3, IF(A100<=10, 0.35*(N100+O100-1)+0.85*M100, IF(A100<=18, 0.35*(P100+Q100-1)+0.85*(N100+O100)+M100, IF(A100<=36, 0.35*(S100+T100-1)+0.85*(P100+Q100+R100)+(M100+N100+O100), IF(A100<=54, 0.35*(W100+X100-1)+0.85*(S100+T100+U100)+(M100+N100+O100+P100+Q100+R100), IF(A100<=86, 0.35*(AA100+AB100-1)+0.85*(W100+X100+Y100+Z100)+(M100+N100+O100+P100+Q100+R100+S100+T100+U100+V100), IF(A100<=118, 0.35*(AD100+AE100-1)+0.85*(AA100+AB100+AC100)+(M100+N100+O100+P100+Q100+R100+S100+T100+U100+V100+W100+X100+Y100+Z100), 0)))))))) -> 97.15 | AH100: =(G100 * 1.6605E-24) / (AI100 * 1E-24) -> 235.13393 | AI100: =(4/3) * PI() * (I100^3) -> 1.7160795 | AJ100: =(A100*1.67262192369E-27 + F100*1.67492749804E-27 + L100*9.1093837015E-31) / 1.6605390666E-27 -> 243.00426 | AM100: =A100 - L100 -> 0 | AN100: =A100-AG100 -> 2.85 | AO100: =4 * PI() * 8.854187817E-12 * (I100 * 0.0000000001)^3 -> 4.558347e-41 | AP100: =AO100 * 10^12 -> 4.558347e-29 | AQ100: =(1 / (2 * 3.14159265358979)) * SQRT((A100 * (1.602176634E-19^2)) / ((AI100 * 1E-30) * 9.1093837015E-31 * 8.8541878128E-12)) -> 6.853982e+16 | AR100: =I100 * 350 -> 259.9467 | AS100: =299792458000000000 / AQ100 -> 4.3739895
...

Sheet Naturally Occuring Isotopes
A1: 1 | B1: hydrogen-1
A2: 2 | B2: hydrogen-2
A3: 3 | B3: helium-3
A4: 4 | B4: helium-4
A5: 5
A6: 6 | B6: lithium-6
A7: 7 | B7: lithium-7
A8: 8
A9: 9 | B9: beryllium-9
A10: 10 | B10: boron-10
A11: 11 | B11: boron-11
A12: 12 | B12: carbon-12
A13: 13 | B13: carbon-13
A14: 14 | B14: nitrogen-14
A15: 15 | B15: nitrogen-15
A16: 16 | B16: oxygen-16
A17: 17 | B17: oxygen-17
A18: 18 | B18: oxygen-18
A19: 19 | B19: fluorine-19
A20: 20 | B20: neon-20
... A35: 35 | B35: chlorine-35
A36: 36 | B36: sulfur-36 | C36: argon-36
A37: 37 | B37: chlorine-36
A38: 38 | B38: argon-37
A39: 39 | B39: potassium-39
A40: 40 | B40: potassium-40 | C40: calcium
A41: 41 | B41: potassium-41
A42: 42 | B42: calcium-42
A43: 43 | B43: calcium-43
A44: 44 | B44: calcium-44
A45: 45 | B45: scandium--45
A46: 46 | B46: calcium-46 | C46: titanium-46
A47: 47 | B47: calcium-47 | C47: titanium-47
A48: 48 | B48: calcium-48 | C48: titanium-48
A49: 49 | B49: titanium-49
A50: 50 | B50: titatnium-50 | C50: vanadium-50
A51: 51 | B51: vanadium-51
A52: 52 | B52: chromium
A53: 53 | B53: chromium
A54: 54 | B54: chromium | C54: iron
A55: 55 | B55: manganese
A56: 56 | B56: iron
A57: 57 | B57: iron
A58: 58 | B58: iron | C58: nickel
A59: 59 | B59: cobalt
A60: 60 | B60: nickel
A61: 61 | B61: nickel
A62: 62 | B62: nickel
A63: 63 | B63: copper
A64: 64 | B64: nickel | C64: zinc
A65: 65 | B65: copper
A66: 66 | B66: zinc
A67: 67 | B67: zinc
A68: 68 | B68: zinc
A69: 69 | B69: gallium
A70: 70 | B70: zinc | C70: germanium
A71: 71 | B71: gallium
A72: 72 | B72: germanium
A73: 73 | B73: germanium
A74: 74 | B74: germanium | C74: selenium
A75: 75 | B75: arsenic
A76: 76 | B76: germanium | C76: selenium
A77: 77 | B77: selenium
A78: 78 | B78: selenium | C78: krypton
A79: 79 | B79: bromine
A80: 80 | B80: selenium | C80: krypton
A81: 81 | B81: bromine
A82: 82 | B82: selenium | C82: krypton
A83: 83 | B83: krypton
A84: 84 | B84: krypton | C84: strontium
A85: 85 | B85: rubidium
A86: 86 | B86: krypton | C86: strontium
A87: 87 | B87: rubidium | C87: strontium
A88: 88 | B88: strontium
A89: 89 | B89: yttrium
A90: 90 | B90: zirconium
A91: 91 | B91: zirconium
A92: 92 | B92: zirconium | C92: molybdenum
A93: 93 | B93: niobium
A94: 94 | B94: zirconium | C94: molybdenum
A95: 95 | B95: molybdenum
A96: 96 | B96: zirconium | C96: molybdenum | D96: ruthenium
A97: 97 | B97: molybdenum | C97: technetium
A98: 98 | B98: molybdenum | D98: ruthenium
A99: 99 | B99: ruthenium
A100: 100 | B100: molybdenum | C100: ruthenium
A101: 101 | B101: ruthenium
A102: 102 | B102: ruthenium | C102: palladium
A103: 103 | B103: rhodium
A104: 104 | B104: ruthenium | C104: palladium
A105: 105 | B105: palladium
A106: 106 | B106: palladium | C106: cadmium
A107: 107 | B107: silver
A108: 108 | B108: palladium | C108: cadmium
A109: 109 | B109: silver
A110: 110 | B110: palladium | C110: cadmium
A111: 111 | B111: cadmium
A112: 112 | B112: cadmium | C112: tin
A113: 113 | B113: cadmium | C113: iridium
A114: 114 | B114: cadmium | C114: tin
...

Sheet Atomic Particles
A1: Proton | C1: =D1*(1/'Conversion Factors'!D1:D2) -> 1.0072772 | D1: =(1.672623E-27)*'SI Units'!C2 -> 1.672623e-27
A2: Neutron | C2: =D2*(1/'Conversion Factors'!D1) -> 1.0086659 | D2: 1.674929e-27
A3: Electron | C3: =D3*(1/'Conversion Factors'!D1) -> 0.00054858034 | D3: 9.10939e-31
A4: Positron | C4: =D3*(1/'Conversion Factors'!D1) -> 0.00054858034 | D4: =D3 -> 9.10939e-31
A5: Photon
C7: AMU | D7: MASS

Sheet Elementary Particles
A1: up | B1: 0.66666667 | C1: 0.5 | D1: 2.4 | E1: 1 | F1: quark
A2: down | B2: -0.33333333 | C2: 0.5 | D2: 4.8 | E2: 1 | F2: quark
A3: charm | B3: 0.66666667 | C3: 0.5 | D3: 1.275 | E3: 2 | F3: quark
A4: strange | B4: -0.33333333 | C4: 0.5 | D4: 90 | E4: 2 | F4: quark
A5: top | B5: 0.66666667 | C5: 0.5 | D5: 172.44 | E5: 3 | F5: quark
A6: bottom | B6: -0.33333333 | C6: 0.5 | D6: 4.18 | E6: 3 | F6: quark
A8: electron | B8: -1 | C8: 0.5 | D8: 0.511 | E8: 1 | F8: lepton
A9: electron neutrino | B9: 0 | C9: 0.5 | D9: <2200000 | E9: 1 | F9: lepton
A10: muon | B10: -1 | C10: 0.5 | D10: 105.67 | E10: 2 | F10: lepton
A11: muon neutrino | B11: 0 | C11: 0.5 | D11: <1.7 | E11: 2 | F11: lepton
A12: tau | B12: -1 | C12: 0.5 | D12: 1776.8 | E12: 3 | F12: lepton
A13: tau neutrino | B13: 0 | C13: 0.5 | D13: 15.5 | E13: 3
A15: gluon | B15: 0 | C15: 1 | D15: 0 | F15: guage bosons
A16: photon | B16: 0 | C16: 1 | D16: 0 | F16: guage bosons
A17: Z boson | B17: 0 | C17: 1 | D17: 91190 | F17: guage bosons
A18: W boson | B18: 1, -1 | C18: 1 | D18: 80.39 | F18: guage bosons
A20: Higgs | B20: 0 | D20: 125090 | F20: scalar bosons
A22: PARTICLE | B22: CHARGE | D22: MASS MeV/c^2 | E22: FERMIONS | F22: TYPE

Sheet Conversion Factors
A1: Atomic Mass Unit (Dalton) | B1: u | C1: =(D1)/1.660538904E-27 -> 1 | D1: =(1.660538904E-27)*'SI Units'!C2 -> 1.6605389e-27 | E1: Kg
A2: Electronvolt | B2: eV | C2: =(D2)/(1.6021766208E-19) -> 1 | D2: =(1.6021766208E-19)*'Derived SI Units'!C6 -> 1.6021766e-19 | E2: J
A3: Avagadro's Number | C3: 6.0221409e+23 | D3: 1 | E3: mol
A4: Bohr's Constant | C4: 1 | D4: 0.52917721

Sheet SI Units
A1: mole | B1: mol | C1: 1
A2: kilogram | B2: Kg | C2: 1
A3: Kelvin | B3: °K | C3: 1
A4: meter | B4: m | C4: 1
A5: second | B5: s | C5: 1
A6: amper | B6: A | C6: 1
A7: candela | B7: cd | C7: 1

Sheet Derived SI Units
A1: hertz | B1: Hz | C1: =('SI Units'!C5)^2 -> 1
A2: radian | B2: rad
A3: steradian | B3: Sr
A4: newton | B4: N | C4: ='SI Units'!C2*'SI Units'!C4*'SI Units'!C5^-2 -> 1
A5: pascal | B5: Pa | C5: ='Derived SI Units'!C4*('Derived SI Units'!C4)^2 -> 1
A6: joule | B6: J | C6: ='SI Units'!C2*('SI Units'!C4)^2*('SI Units'!C5)^-2 -> 1
A7: watt | B7: W | C7: ='SI Units'!C2*('SI Units'!C4)^2*'SI Units'!C5^-3 -> 1
A8: coulomb | B8: C | C8: ='SI Units'!C6*'SI Units'!C5 -> 1
A9: volt | B9: V
A10: gray | B10: Gy
A11: becquerel | B11: Bq
A12: farad | B12: F
A13: ohm | B13: Ω
A14: siemens | B14: Sr
A15: weber | B15: Wb
A16: tesla | B16: T
A17: henry | B17: H
A18: degree celsius | B18: °C
A19: lumen | B19: lm
A20: lux | B20: lx
... A22: katal | B22: kat

Sheet Derived SI Unit Quantities
A1: D

Sheet PVNRT
P1: 1 | T1: 1 | V1: 1
P2: 2 | T2: 2 | V2: 2
P3: 3 | T3: 3 | V3: 3
P4: 4 | T4: 4 | V4: 4
P5: 5 | T5: 5 | V5: 5
P6: 6 | T6: 6 | V6: 6
P7: 7 | T7: 7 | V7: 7
P8: 8 | T8: 8 | V8: 8
P9: 9 | T9: 9 | V9: 9
P10: 10 | T10: 10 | V10: 10
P11: 11 | T11: 11 | V11: 11
P12: 12 | T12: 12 | V12: 12
... P10000: 10000 | T10000: 10000 | V10000: 10000

Sheet Constants
A1: Gas Constant | B1: =(8.314462618*'Derived SI Units'!C6)/'SI Units'!C1 -> 8.3144626
A2: Nucleus Radii | B2: =0.00000000000000125*'SI Units'!C4 -> 1.25e-15
A3: Elementary Charge € | B3: 1.6021766e-19
A4: Electron Mass (me​) | B4: 9.1093837e-31 | C4: kg
A5: Proton Mass (mp​) | B5: 1.6726219e-27 | C5: kg
A6: Neutron Mass (mn​) | B6: 0.016749275 | C6: kg
A7: Atomic Mass Unit (u) | B7: 1.6605391e-27 | C7: kg
A8: Vacuum Permittivity (ϵ0​) | B8: 8.8541878e-12 | C8: F/m
A9: Bohr Radius (a0​) | B9: 5.2917721e-11 | C9: m
